DESCRIPTION,USERID,USERNAME,USER_PARENT_ID,OPENDATE,ACCOUNT_BLOCK_REASONS,DESCRIPTION,SKIN,ACCOUNTTYPENAME,REALBALANCE,VERIFIEDPLAYER,VERIFIED_BANK_DETAILS,MOBILE_VERIFICATION,BR_ID,BR_NAME
Regular,18075962,adibr61,,2024-11-07 16:55:16,",1292,1161,",Verification not relevant,PlayUZU.bet.br,Registered User,0.0,0,0,1,1292,Mobile Verification Required
Regular,18075962,adibr61,,2024-11-07 16:55:16,",1292,1161,",Verification not relevant,PlayUZU.bet.br,Registered User,0.0,0,0,1,1161,Duplicate Account
Regular,18075961,adibr60,,2024-11-07 16:54:53,",1292,1161,",Verification not relevant,PlayUZU.bet.br,Registered User,0.0,0,0,1,1292,Mobile Verification Required
Regular,18075961,adibr60,,2024-11-07 16:54:53,",1292,1161,",Verification not relevant,PlayUZU.bet.br,Registered User,0.0,0,0,1,1161,Duplicate Account
Regular,18076353,lopesbr10,,2024-11-07 18:26:19,",1292,1161,",Verification not relevant,PlayUZU.bet.br,Registered User,0.0,0,0,1,1292,Mobile Verification Required
Regular,18076353,lopesbr10,,2024-11-07 18:26:19,",1292,1161,",Verification not relevant,PlayUZU.bet.br,Registered User,0.0,0,0,1,1161,Duplicate Account
Regular,18075957,adibr39,,2024-11-07 16:54:35,",1292,1161,",Verification not relevant,PlayUZU.bet.br,Registered User,0.0,0,0,1,1292,Mobile Verification Required
Regular,18075957,adibr39,,2024-11-07 16:54:35,",1292,1161,",Verification not relevant,PlayUZU.bet.br,Registered User,0.0,0,0,1,1161,Duplicate Account
Regular,18081067,lopesbr12,,2024-11-08 15:10:07,",1100,1161,",Verification not relevant,PlayUZU.bet.br,Registered User,0.0,0,0,2,1100,CDD Request
Regular,18081067,lopesbr12,,2024-11-08 15:10:07,",1100,1161,",Verification not relevant,PlayUZU.bet.br,Registered User,0.0,0,0,2,1161,Duplicate Account
Regular,18144755,lopesbr34,,2024-11-19 11:24:12,",1100,",Verification not relevant,PlayUZU.bet.br,Real User,1500.0,0,0,1,1100,CDD Request
Regular,18109685,puazbr131101,,2024-11-13 12:25:02,",1292,1100,1161,",Verification not relevant,PlayUZU.bet.br,Registered User,0.0,0,0,1,1292,Mobile Verification Required
Regular,18109685,puazbr131101,,2024-11-13 12:25:02,",1292,1100,1161,",Verification not relevant,PlayUZU.bet.br,Registered User,0.0,0,0,1,1100,CDD Request
Regular,18109685,puazbr131101,,2024-11-13 12:25:02,",1292,1100,1161,",Verification not relevant,PlayUZU.bet.br,Registered User,0.0,0,0,1,1161,Duplicate Account
Regular,18162885,lopesbr53,,2024-11-22 13:50:54,",1292,1100,",Verification not relevant,PlayUZU.bet.br,Registered User,0.0,0,0,1,1292,Mobile Verification Required
Regular,18162885,lopesbr53,,2024-11-22 13:50:54,",1292,1100,",Verification not relevant,PlayUZU.bet.br,Registered User,0.0,0,0,1,1100,CDD Request
Regular,18116248,lopesbr22,,2024-11-14 16:07:43,",1100,1161,",Verification not relevant,PlayUZU.bet.br,Registered User,0.0,0,0,1,1100,CDD Request
Regular,18116248,lopesbr22,,2024-11-14 16:07:43,",1100,1161,",Verification not relevant,PlayUZU.bet.br,Registered User,0.0,0,0,1,1161,Duplicate Account
Regular,18104437,lopesbr19,,2024-11-12 15:33:05,",1000,1161,",Verification not relevant,PlayUZU.bet.br,Registered User,0.0,0,0,1,1000,Self Excluded
Regular,18104437,lopesbr19,,2024-11-12 15:33:05,",1000,1161,",Verification not relevant,PlayUZU.bet.br,Registered User,0.0,0,0,1,1161,Duplicate Account
Regular,18135155,lopesbr30,,2024-11-17 19:15:16,",1292,1100,1161,",Verification not relevant,PlayUZU.bet.br,Registered User,0.0,0,0,1,1292,Mobile Verification Required
Regular,18135155,lopesbr30,,2024-11-17 19:15:16,",1292,1100,1161,",Verification not relevant,PlayUZU.bet.br,Registered User,0.0,0,0,1,1100,CDD Request
Regular,18135155,lopesbr30,,2024-11-17 19:15:16,",1292,1100,1161,",Verification not relevant,PlayUZU.bet.br,Registered User,0.0,0,0,1,1161,Duplicate Account
Regular,18139259,PUbr06,,2024-11-18 12:04:39,",1292,1100,",Verification not relevant,PlayUZU.bet.br,Registered User,0.0,0,0,1,1292,Mobile Verification Required
Regular,18139259,PUbr06,,2024-11-18 12:04:39,",1292,1100,",Verification not relevant,PlayUZU.bet.br,Registered User,0.0,0,0,1,1100,CDD Request
Regular,18034858,puazbr08,,2024-10-31 12:49:02,",1100,",Verification not relevant,PlayUZU.bet.br,Registered User,0.0,0,0,2,1100,CDD Request
Regular,18034703,guibr1,,2024-10-31 11:57:26,",1290,1090,",Reverification required,PlayUZU.bet.br,Registered User,0.0,0,0,2,1290,Missing Copy of ID
Regular,18034703,guibr1,,2024-10-31 11:57:26,",1290,1090,",Reverification required,PlayUZU.bet.br,Registered User,0.0,0,0,2,1090,CDD Required
Regular,18200879,stellhdt178,,2024-11-28 11:12:52,",1020,1161,1100,1090,",Verification required,PlayUZU.bet.br,Registered User,0.0,0,0,1,1020,NON Verified at registration
Regular,18200879,stellhdt178,,2024-11-28 11:12:52,",1020,1161,1100,1090,",Verification required,PlayUZU.bet.br,Registered User,0.0,0,0,1,1161,Duplicate Account
Regular,18200879,stellhdt178,,2024-11-28 11:12:52,",1020,1161,1100,1090,",Verification required,PlayUZU.bet.br,Registered User,0.0,0,0,1,1100,CDD Request
Regular,18200879,stellhdt178,,2024-11-28 11:12:52,",1020,1161,1100,1090,",Verification required,PlayUZU.bet.br,Registered User,0.0,0,0,1,1090,CDD Required
Regular,18103620,lopesbr18,,2024-11-12 11:28:50,",1292,1100,1161,",Verification not relevant,PlayUZU.bet.br,Registered User,0.0,0,0,1,1292,Mobile Verification Required
Regular,18103620,lopesbr18,,2024-11-12 11:28:50,",1292,1100,1161,",Verification not relevant,PlayUZU.bet.br,Registered User,0.0,0,0,1,1100,CDD Request
Regular,18103620,lopesbr18,,2024-11-12 11:28:50,",1292,1100,1161,",Verification not relevant,PlayUZU.bet.br,Registered User,0.0,0,0,1,1161,Duplicate Account
Regular,18103607,lopesbr15,,2024-11-12 11:25:47,",1292,1100,1161,",Verification not relevant,PlayUZU.bet.br,Registered User,0.0,0,0,1,1292,Mobile Verification Required
Regular,18103607,lopesbr15,,2024-11-12 11:25:47,",1292,1100,1161,",Verification not relevant,PlayUZU.bet.br,Registered User,0.0,0,0,1,1100,CDD Request
Regular,18103607,lopesbr15,,2024-11-12 11:25:47,",1292,1100,1161,",Verification not relevant,PlayUZU.bet.br,Registered User,0.0,0,0,1,1161,Duplicate Account
Regular,18103608,lopesbr16,,2024-11-12 11:26:43,",1292,1100,1161,",Verification not relevant,PlayUZU.bet.br,Registered User,0.0,0,0,1,1292,Mobile Verification Required
Regular,18103608,lopesbr16,,2024-11-12 11:26:43,",1292,1100,1161,",Verification not relevant,PlayUZU.bet.br,Registered User,0.0,0,0,1,1100,CDD Request
Regular,18103608,lopesbr16,,2024-11-12 11:26:43,",1292,1100,1161,",Verification not relevant,PlayUZU.bet.br,Registered User,0.0,0,0,1,1161,Duplicate Account
Regular,18075951,adiPUbr22,,2024-11-07 16:53:37,",1292,1161,",Verification not relevant,PlayUZU.bet.br,Registered User,0.0,0,0,1,1292,Mobile Verification Required
Regular,18075951,adiPUbr22,,2024-11-07 16:53:37,",1292,1161,",Verification not relevant,PlayUZU.bet.br,Registered User,0.0,0,0,1,1161,Duplicate Account
Regular,18075964,adibrrj61,,2024-11-07 16:55:39,",1292,1161,",Verification not relevant,PlayUZU.bet.br,Registered User,0.0,0,0,1,1292,Mobile Verification Required
Regular,18075964,adibrrj61,,2024-11-07 16:55:39,",1292,1161,",Verification not relevant,PlayUZU.bet.br,Registered User,0.0,0,0,1,1161,Duplicate Account
Regular,18103613,lopesbr17,,2024-11-12 11:27:46,",1292,1100,1161,",Verification not relevant,PlayUZU.bet.br,Registered User,0.0,0,0,1,1292,Mobile Verification Required
Regular,18103613,lopesbr17,,2024-11-12 11:27:46,",1292,1100,1161,",Verification not relevant,PlayUZU.bet.br,Registered User,0.0,0,0,1,1100,CDD Request
Regular,18103613,lopesbr17,,2024-11-12 11:27:46,",1292,1100,1161,",Verification not relevant,PlayUZU.bet.br,Registered User,0.0,0,0,1,1161,Duplicate Account
Regular,18056460,puazbr041101,,2024-11-04 07:15:35,",1100,",Verification not relevant,PlayUZU.bet.br,Registered User,0.0,0,0,2,1100,CDD Request
Regular,18075955,adibr30,,2024-11-07 16:54:10,",1292,1161,",Verification not relevant,PlayUZU.bet.br,Registered User,0.0,0,0,1,1292,Mobile Verification Required
Regular,18075955,adibr30,,2024-11-07 16:54:10,",1292,1161,",Verification not relevant,PlayUZU.bet.br,Registered User,0.0,0,0,1,1161,Duplicate Account
Regular,18075947,adiPUbr2,,2024-11-07 16:53:20,",1292,1161,",Verification not relevant,PlayUZU.bet.br,Registered User,0.0,0,0,1,1292,Mobile Verification Required
Regular,18075947,adiPUbr2,,2024-11-07 16:53:20,",1292,1161,",Verification not relevant,PlayUZU.bet.br,Registered User,0.0,0,0,1,1161,Duplicate Account
Regular,18075952,adiPUbr30,,2024-11-07 16:53:51,",1292,1161,",Verification not relevant,PlayUZU.bet.br,Registered User,0.0,0,0,1,1292,Mobile Verification Required
Regular,18075952,adiPUbr30,,2024-11-07 16:53:51,",1292,1161,",Verification not relevant,PlayUZU.bet.br,Registered User,0.0,0,0,1,1161,Duplicate Account
Regular,18081823,lopesbr13,,2024-11-08 18:27:09,",1292,1100,",Verification not relevant,PlayUZU.bet.br,Registered User,0.0,0,0,1,1292,Mobile Verification Required
Regular,18081823,lopesbr13,,2024-11-08 18:27:09,",1292,1100,",Verification not relevant,PlayUZU.bet.br,Registered User,0.0,0,0,1,1100,CDD Request
Regular,18075640,adiPUbr20,,2024-11-07 15:41:32,",1100,",Verification not relevant,PlayUZU.bet.br,Real User,1500.0,0,0,2,1100,CDD Request
Regular,18109213,lopesbr20,,2024-11-13 09:47:45,",1161,",Verification not relevant,PlayUZU.bet.br,Registered User,0.0,0,0,1,1161,Duplicate Account
Regular,18075956,adibr38,,2024-11-07 16:54:29,",1292,1161,",Verification not relevant,PlayUZU.bet.br,Registered User,0.0,0,0,1,1292,Mobile Verification Required
Regular,18075956,adibr38,,2024-11-07 16:54:29,",1292,1161,",Verification not relevant,PlayUZU.bet.br,Registered User,0.0,0,0,1,1161,Duplicate Account
Regular,18097694,vastest489,,2024-11-11 10:27:33,",1100,",Verification not relevant,PlayUZU.bet.br,Registered User,0.0,0,0,2,1100,CDD Request
Regular,18109695,bpazbr131102,,2024-11-13 12:29:03,",1292,1100,",Verification not relevant,BacanaPlay.bet.br,Registered User,0.0,0,0,1,1292,Mobile Verification Required
Regular,18109695,bpazbr131102,,2024-11-13 12:29:03,",1292,1100,",Verification not relevant,BacanaPlay.bet.br,Registered User,0.0,0,0,1,1100,CDD Request
Regular,18110160,lopesbr21,,2024-11-13 14:44:10,",1161,",Verification not relevant,PlayUZU.bet.br,Registered User,0.0,0,0,1,1161,Duplicate Account
Regular,18187817,aviPUbr08,,2024-11-26 10:19:31,",1292,1100,",Verification not relevant,PlayUZU.bet.br,Registered User,0.0,0,0,1,1292,Mobile Verification Required
Regular,18187817,aviPUbr08,,2024-11-26 10:19:31,",1292,1100,",Verification not relevant,PlayUZU.bet.br,Registered User,0.0,0,0,1,1100,CDD Request
Regular,18109688,puazbr131102,,2024-11-13 12:25:45,",1100,",Verification not relevant,PlayUZU.bet.br,Registered User,0.0,0,0,2,1100,CDD Request
Regular,18208017,blondbr90,,2024-11-29 15:31:10,",1316,",Verification required,PlayUZU.bet.br,Real User,0.0,0,0,2,1316,Login Blocked
Regular,18244204,emidia_br,,2024-12-05 08:33:43,",1343,1290,1020,1291,1090,1100,1000,",Verification required,PlayUZU.bet.br,Registered User,0.0,0,0,2,1343,Bank Account Details Required
Regular,18244204,emidia_br,,2024-12-05 08:33:43,",1343,1290,1020,1291,1090,1100,1000,",Verification required,PlayUZU.bet.br,Registered User,0.0,0,0,2,1290,Missing Copy of ID
Regular,18244204,emidia_br,,2024-12-05 08:33:43,",1343,1290,1020,1291,1090,1100,1000,",Verification required,PlayUZU.bet.br,Registered User,0.0,0,0,2,1020,NON Verified at registration
Regular,18244204,emidia_br,,2024-12-05 08:33:43,",1343,1290,1020,1291,1090,1100,1000,",Verification required,PlayUZU.bet.br,Registered User,0.0,0,0,2,1291,Missing Copy of Address
Regular,18244204,emidia_br,,2024-12-05 08:33:43,",1343,1290,1020,1291,1090,1100,1000,",Verification required,PlayUZU.bet.br,Registered User,0.0,0,0,2,1090,CDD Required
Regular,18244204,emidia_br,,2024-12-05 08:33:43,",1343,1290,1020,1291,1090,1100,1000,",Verification required,PlayUZU.bet.br,Registered User,0.0,0,0,2,1100,CDD Request
Regular,18244204,emidia_br,,2024-12-05 08:33:43,",1343,1290,1020,1291,1090,1100,1000,",Verification required,PlayUZU.bet.br,Registered User,0.0,0,0,2,1000,Self Excluded
Regular,18076350,clauserbr97,,2024-11-07 18:25:01,",1292,1161,",Verification not relevant,PlayUZU.bet.br,Registered User,0.0,0,0,1,1292,Mobile Verification Required
Regular,18076350,clauserbr97,,2024-11-07 18:25:01,",1292,1161,",Verification not relevant,PlayUZU.bet.br,Registered User,0.0,0,0,1,1161,Duplicate Account
Regular,18187831,asztbr011,,2024-11-26 10:23:44,",1292,1100,1235,",Verification not relevant,PlayUZU.bet.br,Registered User,0.0,0,0,1,1292,Mobile Verification Required
Regular,18187831,asztbr011,,2024-11-26 10:23:44,",1292,1100,1235,",Verification not relevant,PlayUZU.bet.br,Registered User,0.0,0,0,1,1100,CDD Request
Regular,18187831,asztbr011,,2024-11-26 10:23:44,",1292,1100,1235,",Verification not relevant,PlayUZU.bet.br,Registered User,0.0,0,0,1,1235,Terminated (Permanently Closed Account)
Regular,18075966,adiuserbr62,,2024-11-07 16:56:12,",1292,1161,",Verification not relevant,PlayUZU.bet.br,Registered User,0.0,0,0,1,1292,Mobile Verification Required
Regular,18075966,adiuserbr62,,2024-11-07 16:56:12,",1292,1161,",Verification not relevant,PlayUZU.bet.br,Registered User,0.0,0,0,1,1161,Duplicate Account
Regular,18076354,lopesbr11,,2024-11-07 18:26:51,",1100,1161,",Verification not relevant,PlayUZU.bet.br,Registered User,0.0,0,0,2,1100,CDD Request
Regular,18076354,lopesbr11,,2024-11-07 18:26:51,",1100,1161,",Verification not relevant,PlayUZU.bet.br,Registered User,0.0,0,0,2,1161,Duplicate Account
Regular,18076342,adiuserbr90,,2024-11-07 18:23:56,",1292,1161,",Verification not relevant,PlayUZU.bet.br,Registered User,0.0,0,0,1,1292,Mobile Verification Required
Regular,18076342,adiuserbr90,,2024-11-07 18:23:56,",1292,1161,",Verification not relevant,PlayUZU.bet.br,Registered User,0.0,0,0,1,1161,Duplicate Account
Regular,18076346,clauserbr90,,2024-11-07 18:24:34,",1292,1161,",Verification not relevant,PlayUZU.bet.br,Registered User,0.0,0,0,1,1292,Mobile Verification Required
Regular,18076346,clauserbr90,,2024-11-07 18:24:34,",1292,1161,",Verification not relevant,PlayUZU.bet.br,Registered User,0.0,0,0,1,1161,Duplicate Account
Regular,18226699,blondbr92,,2024-12-02 14:27:18,",1316,",Verification required,PlayUZU.bet.br,Real User,0.0,0,0,2,1316,Login Blocked
Regular,18226690,blondbr91,,2024-12-02 14:26:19,",1290,1292,1343,1291,1020,1090,1100,1161,",Verification required,PlayUZU.bet.br,Registered User,0.0,0,0,1,1290,Missing Copy of ID
Regular,18226690,blondbr91,,2024-12-02 14:26:19,",1290,1292,1343,1291,1020,1090,1100,1161,",Verification required,PlayUZU.bet.br,Registered User,0.0,0,0,1,1292,Mobile Verification Required
Regular,18226690,blondbr91,,2024-12-02 14:26:19,",1290,1292,1343,1291,1020,1090,1100,1161,",Verification required,PlayUZU.bet.br,Registered User,0.0,0,0,1,1343,Bank Account Details Required
Regular,18226690,blondbr91,,2024-12-02 14:26:19,",1290,1292,1343,1291,1020,1090,1100,1161,",Verification required,PlayUZU.bet.br,Registered User,0.0,0,0,1,1291,Missing Copy of Address
Regular,18226690,blondbr91,,2024-12-02 14:26:19,",1290,1292,1343,1291,1020,1090,1100,1161,",Verification required,PlayUZU.bet.br,Registered User,0.0,0,0,1,1020,NON Verified at registration
Regular,18226690,blondbr91,,2024-12-02 14:26:19,",1290,1292,1343,1291,1020,1090,1100,1161,",Verification required,PlayUZU.bet.br,Registered User,0.0,0,0,1,1090,CDD Required
Regular,18226690,blondbr91,,2024-12-02 14:26:19,",1290,1292,1343,1291,1020,1090,1100,1161,",Verification required,PlayUZU.bet.br,Registered User,0.0,0,0,1,1100,CDD Request
Regular,18226690,blondbr91,,2024-12-02 14:26:19,",1290,1292,1343,1291,1020,1090,1100,1161,",Verification required,PlayUZU.bet.br,Registered User,0.0,0,0,1,1161,Duplicate Account
Regular,18239427,oladia_br,,2024-12-04 15:21:18,",1343,1290,1020,1291,1090,1100,",Verification required,PlayUZU.bet.br,Registered User,0.0,0,0,2,1343,Bank Account Details Required
Regular,18239427,oladia_br,,2024-12-04 15:21:18,",1343,1290,1020,1291,1090,1100,",Verification required,PlayUZU.bet.br,Registered User,0.0,0,0,2,1290,Missing Copy of ID
Regular,18239427,oladia_br,,2024-12-04 15:21:18,",1343,1290,1020,1291,1090,1100,",Verification required,PlayUZU.bet.br,Registered User,0.0,0,0,2,1020,NON Verified at registration
Regular,18239427,oladia_br,,2024-12-04 15:21:18,",1343,1290,1020,1291,1090,1100,",Verification required,PlayUZU.bet.br,Registered User,0.0,0,0,2,1291,Missing Copy of Address
Regular,18239427,oladia_br,,2024-12-04 15:21:18,",1343,1290,1020,1291,1090,1100,",Verification required,PlayUZU.bet.br,Registered User,0.0,0,0,2,1090,CDD Required
Regular,18239427,oladia_br,,2024-12-04 15:21:18,",1343,1290,1020,1291,1090,1100,",Verification required,PlayUZU.bet.br,Registered User,0.0,0,0,2,1100,CDD Request
Regular,18326907,adiPUbr05,,2024-12-18 15:29:10,",1290,1292,1291,1020,1343,1100,1090,1161,",Verification required,PlayUZU.bet.br,Registered User,0.0,0,0,1,1290,Missing Copy of ID
Regular,18326907,adiPUbr05,,2024-12-18 15:29:10,",1290,1292,1291,1020,1343,1100,1090,1161,",Verification required,PlayUZU.bet.br,Registered User,0.0,0,0,1,1292,Mobile Verification Required
Regular,18326907,adiPUbr05,,2024-12-18 15:29:10,",1290,1292,1291,1020,1343,1100,1090,1161,",Verification required,PlayUZU.bet.br,Registered User,0.0,0,0,1,1291,Missing Copy of Address
Regular,18326907,adiPUbr05,,2024-12-18 15:29:10,",1290,1292,1291,1020,1343,1100,1090,1161,",Verification required,PlayUZU.bet.br,Registered User,0.0,0,0,1,1020,NON Verified at registration
Regular,18326907,adiPUbr05,,2024-12-18 15:29:10,",1290,1292,1291,1020,1343,1100,1090,1161,",Verification required,PlayUZU.bet.br,Registered User,0.0,0,0,1,1343,Bank Account Details Required
Regular,18326907,adiPUbr05,,2024-12-18 15:29:10,",1290,1292,1291,1020,1343,1100,1090,1161,",Verification required,PlayUZU.bet.br,Registered User,0.0,0,0,1,1100,CDD Request
Regular,18326907,adiPUbr05,,2024-12-18 15:29:10,",1290,1292,1291,1020,1343,1100,1090,1161,",Verification required,PlayUZU.bet.br,Registered User,0.0,0,0,1,1090,CDD Required
Regular,18326907,adiPUbr05,,2024-12-18 15:29:10,",1290,1292,1291,1020,1343,1100,1090,1161,",Verification required,PlayUZU.bet.br,Registered User,0.0,0,0,1,1161,Duplicate Account
Regular,18288666,puazbr121201,,2024-12-12 07:21:04,",1343,",Manually Verified,PlayUZU.bet.br,Registered User,0.0,0,0,2,1343,Bank Account Details Required
Regular,18415201,vastest517,,2024-12-31 16:17:57,",1020,1291,1290,",Verification required,PlayUZU.bet.br,Practice User,0.0,0,0,2,1020,NON Verified at registration
Regular,18415201,vastest517,,2024-12-31 16:17:57,",1020,1291,1290,",Verification required,PlayUZU.bet.br,Practice User,0.0,0,0,2,1291,Missing Copy of Address
Regular,18415201,vastest517,,2024-12-31 16:17:57,",1020,1291,1290,",Verification required,PlayUZU.bet.br,Practice User,0.0,0,0,2,1290,Missing Copy of ID
Regular,18307359,blondbr22,,2024-12-15 08:52:14,",1161,",Verification required,PlayUZU.bet.br,Registered User,0.0,0,0,1,1161,Duplicate Account
Regular,18325576,oladid,,2024-12-18 08:15:28,",1343,1292,1291,1290,1020,1090,1100,1161,",Verification required,BacanaPlay.bet.br,Registered User,0.0,0,0,1,1343,Bank Account Details Required
Regular,18325576,oladid,,2024-12-18 08:15:28,",1343,1292,1291,1290,1020,1090,1100,1161,",Verification required,BacanaPlay.bet.br,Registered User,0.0,0,0,1,1292,Mobile Verification Required
Regular,18325576,oladid,,2024-12-18 08:15:28,",1343,1292,1291,1290,1020,1090,1100,1161,",Verification required,BacanaPlay.bet.br,Registered User,0.0,0,0,1,1291,Missing Copy of Address
Regular,18325576,oladid,,2024-12-18 08:15:28,",1343,1292,1291,1290,1020,1090,1100,1161,",Verification required,BacanaPlay.bet.br,Registered User,0.0,0,0,1,1290,Missing Copy of ID
Regular,18325576,oladid,,2024-12-18 08:15:28,",1343,1292,1291,1290,1020,1090,1100,1161,",Verification required,BacanaPlay.bet.br,Registered User,0.0,0,0,1,1020,NON Verified at registration
Regular,18325576,oladid,,2024-12-18 08:15:28,",1343,1292,1291,1290,1020,1090,1100,1161,",Verification required,BacanaPlay.bet.br,Registered User,0.0,0,0,1,1090,CDD Required
Regular,18325576,oladid,,2024-12-18 08:15:28,",1343,1292,1291,1290,1020,1090,1100,1161,",Verification required,BacanaPlay.bet.br,Registered User,0.0,0,0,1,1100,CDD Request
Regular,18325576,oladid,,2024-12-18 08:15:28,",1343,1292,1291,1290,1020,1090,1100,1161,",Verification required,BacanaPlay.bet.br,Registered User,0.0,0,0,1,1161,Duplicate Account
Regular,18415132,vastest515,,2024-12-31 16:03:17,",1290,1020,1291,1161,",Verification required,PlayUZU.bet.br,Practice User,0.0,0,0,2,1290,Missing Copy of ID
Regular,18415132,vastest515,,2024-12-31 16:03:17,",1290,1020,1291,1161,",Verification required,PlayUZU.bet.br,Practice User,0.0,0,0,2,1020,NON Verified at registration
Regular,18415132,vastest515,,2024-12-31 16:03:17,",1290,1020,1291,1161,",Verification required,PlayUZU.bet.br,Practice User,0.0,0,0,2,1291,Missing Copy of Address
Regular,18415132,vastest515,,2024-12-31 16:03:17,",1290,1020,1291,1161,",Verification required,PlayUZU.bet.br,Practice User,0.0,0,0,2,1161,Duplicate Account
Regular,18413448,puazbr311204,3588721.0,2024-12-31 07:38:49,",1343,1327,",Additional verification needed,PlayUZU.bet.br,Registered User,0.0,1,0,2,1343,Bank Account Details Required
Regular,18413448,puazbr311204,3588721.0,2024-12-31 07:38:49,",1343,1327,",Additional verification needed,PlayUZU.bet.br,Registered User,0.0,1,0,2,1327,Temporary Closed Account (Reversible)
Regular,18413325,puazbr311202,3588708.0,2024-12-31 07:05:48,",1343,1301,",Additional verification needed,PlayUZU.bet.br,Registered User,0.0,1,0,2,1343,Bank Account Details Required
Regular,18413325,puazbr311202,3588708.0,2024-12-31 07:05:48,",1343,1301,",Additional verification needed,PlayUZU.bet.br,Registered User,0.0,1,0,2,1301,Fraud
Regular,18415206,vastest519,,2024-12-31 16:21:18,",1020,1291,1290,",Verification required,PlayUZU.bet.br,Practice User,0.0,0,0,2,1020,NON Verified at registration
Regular,18415206,vastest519,,2024-12-31 16:21:18,",1020,1291,1290,",Verification required,PlayUZU.bet.br,Practice User,0.0,0,0,2,1291,Missing Copy of Address
Regular,18415206,vastest519,,2024-12-31 16:21:18,",1020,1291,1290,",Verification required,PlayUZU.bet.br,Practice User,0.0,0,0,2,1290,Missing Copy of ID
Regular,18332132,tonbcbr0,,2024-12-19 11:10:33,",1290,1010,1017,1343,1016,1020,1012,1011,1291,1090,1100,1019,",Verification required,BacanaPlay.bet.br,Registered User,0.0,0,0,2,1290,Missing Copy of ID
Regular,18332132,tonbcbr0,,2024-12-19 11:10:33,",1290,1010,1017,1343,1016,1020,1012,1011,1291,1090,1100,1019,",Verification required,BacanaPlay.bet.br,Registered User,0.0,0,0,2,1010,Player/Support Block Promo Phone
Regular,18332132,tonbcbr0,,2024-12-19 11:10:33,",1290,1010,1017,1343,1016,1020,1012,1011,1291,1090,1100,1019,",Verification required,BacanaPlay.bet.br,Registered User,0.0,0,0,2,1017,Player/Support Block Promo WEB
Regular,18332132,tonbcbr0,,2024-12-19 11:10:33,",1290,1010,1017,1343,1016,1020,1012,1011,1291,1090,1100,1019,",Verification required,BacanaPlay.bet.br,Registered User,0.0,0,0,2,1343,Bank Account Details Required
Regular,18332132,tonbcbr0,,2024-12-19 11:10:33,",1290,1010,1017,1343,1016,1020,1012,1011,1291,1090,1100,1019,",Verification required,BacanaPlay.bet.br,Registered User,0.0,0,0,2,1016,Player/Support Block Promo Post
Regular,18332132,tonbcbr0,,2024-12-19 11:10:33,",1290,1010,1017,1343,1016,1020,1012,1011,1291,1090,1100,1019,",Verification required,BacanaPlay.bet.br,Registered User,0.0,0,0,2,1020,NON Verified at registration
Regular,18332132,tonbcbr0,,2024-12-19 11:10:33,",1290,1010,1017,1343,1016,1020,1012,1011,1291,1090,1100,1019,",Verification required,BacanaPlay.bet.br,Registered User,0.0,0,0,2,1012,Player/Support Block Promo Email
Regular,18332132,tonbcbr0,,2024-12-19 11:10:33,",1290,1010,1017,1343,1016,1020,1012,1011,1291,1090,1100,1019,",Verification required,BacanaPlay.bet.br,Registered User,0.0,0,0,2,1011,Player/Support Block Promo SMS
Regular,18332132,tonbcbr0,,2024-12-19 11:10:33,",1290,1010,1017,1343,1016,1020,1012,1011,1291,1090,1100,1019,",Verification required,BacanaPlay.bet.br,Registered User,0.0,0,0,2,1291,Missing Copy of Address
Regular,18332132,tonbcbr0,,2024-12-19 11:10:33,",1290,1010,1017,1343,1016,1020,1012,1011,1291,1090,1100,1019,",Verification required,BacanaPlay.bet.br,Registered User,0.0,0,0,2,1090,CDD Required
Regular,18332132,tonbcbr0,,2024-12-19 11:10:33,",1290,1010,1017,1343,1016,1020,1012,1011,1291,1090,1100,1019,",Verification required,BacanaPlay.bet.br,Registered User,0.0,0,0,2,1100,CDD Request
Regular,18332132,tonbcbr0,,2024-12-19 11:10:33,",1290,1010,1017,1343,1016,1020,1012,1011,1291,1090,1100,1019,",Verification required,BacanaPlay.bet.br,Registered User,0.0,0,0,2,1019,Connected to 'Bonus Abuser' database
Regular,18325621,emidia1,,2024-12-18 08:33:40,",1290,1291,1011,1292,1343,1020,1012,1017,1010,1016,1100,1090,1161,",Verification required,PlayUZU.bet.br,Registered User,0.0,0,0,1,1290,Missing Copy of ID
Regular,18325621,emidia1,,2024-12-18 08:33:40,",1290,1291,1011,1292,1343,1020,1012,1017,1010,1016,1100,1090,1161,",Verification required,PlayUZU.bet.br,Registered User,0.0,0,0,1,1291,Missing Copy of Address
Regular,18325621,emidia1,,2024-12-18 08:33:40,",1290,1291,1011,1292,1343,1020,1012,1017,1010,1016,1100,1090,1161,",Verification required,PlayUZU.bet.br,Registered User,0.0,0,0,1,1011,Player/Support Block Promo SMS
Regular,18325621,emidia1,,2024-12-18 08:33:40,",1290,1291,1011,1292,1343,1020,1012,1017,1010,1016,1100,1090,1161,",Verification required,PlayUZU.bet.br,Registered User,0.0,0,0,1,1292,Mobile Verification Required
Regular,18325621,emidia1,,2024-12-18 08:33:40,",1290,1291,1011,1292,1343,1020,1012,1017,1010,1016,1100,1090,1161,",Verification required,PlayUZU.bet.br,Registered User,0.0,0,0,1,1343,Bank Account Details Required
Regular,18325621,emidia1,,2024-12-18 08:33:40,",1290,1291,1011,1292,1343,1020,1012,1017,1010,1016,1100,1090,1161,",Verification required,PlayUZU.bet.br,Registered User,0.0,0,0,1,1020,NON Verified at registration
Regular,18325621,emidia1,,2024-12-18 08:33:40,",1290,1291,1011,1292,1343,1020,1012,1017,1010,1016,1100,1090,1161,",Verification required,PlayUZU.bet.br,Registered User,0.0,0,0,1,1012,Player/Support Block Promo Email
Regular,18325621,emidia1,,2024-12-18 08:33:40,",1290,1291,1011,1292,1343,1020,1012,1017,1010,1016,1100,1090,1161,",Verification required,PlayUZU.bet.br,Registered User,0.0,0,0,1,1017,Player/Support Block Promo WEB
Regular,18325621,emidia1,,2024-12-18 08:33:40,",1290,1291,1011,1292,1343,1020,1012,1017,1010,1016,1100,1090,1161,",Verification required,PlayUZU.bet.br,Registered User,0.0,0,0,1,1010,Player/Support Block Promo Phone
Regular,18325621,emidia1,,2024-12-18 08:33:40,",1290,1291,1011,1292,1343,1020,1012,1017,1010,1016,1100,1090,1161,",Verification required,PlayUZU.bet.br,Registered User,0.0,0,0,1,1016,Player/Support Block Promo Post
Regular,18325621,emidia1,,2024-12-18 08:33:40,",1290,1291,1011,1292,1343,1020,1012,1017,1010,1016,1100,1090,1161,",Verification required,PlayUZU.bet.br,Registered User,0.0,0,0,1,1100,CDD Request
Regular,18325621,emidia1,,2024-12-18 08:33:40,",1290,1291,1011,1292,1343,1020,1012,1017,1010,1016,1100,1090,1161,",Verification required,PlayUZU.bet.br,Registered User,0.0,0,0,1,1090,CDD Required
Regular,18325621,emidia1,,2024-12-18 08:33:40,",1290,1291,1011,1292,1343,1020,1012,1017,1010,1016,1100,1090,1161,",Verification required,PlayUZU.bet.br,Registered User,0.0,0,0,1,1161,Duplicate Account
Regular,18331627,oladia_97,,2024-12-19 08:05:24,",1290,1012,1017,1016,1291,1010,1020,1343,1011,1090,1100,1019,1161,",Verification required,PlayUZU.bet.br,Registered User,0.0,0,0,2,1290,Missing Copy of ID
Regular,18331627,oladia_97,,2024-12-19 08:05:24,",1290,1012,1017,1016,1291,1010,1020,1343,1011,1090,1100,1019,1161,",Verification required,PlayUZU.bet.br,Registered User,0.0,0,0,2,1012,Player/Support Block Promo Email
Regular,18331627,oladia_97,,2024-12-19 08:05:24,",1290,1012,1017,1016,1291,1010,1020,1343,1011,1090,1100,1019,1161,",Verification required,PlayUZU.bet.br,Registered User,0.0,0,0,2,1017,Player/Support Block Promo WEB
Regular,18331627,oladia_97,,2024-12-19 08:05:24,",1290,1012,1017,1016,1291,1010,1020,1343,1011,1090,1100,1019,1161,",Verification required,PlayUZU.bet.br,Registered User,0.0,0,0,2,1016,Player/Support Block Promo Post
Regular,18331627,oladia_97,,2024-12-19 08:05:24,",1290,1012,1017,1016,1291,1010,1020,1343,1011,1090,1100,1019,1161,",Verification required,PlayUZU.bet.br,Registered User,0.0,0,0,2,1291,Missing Copy of Address
Regular,18331627,oladia_97,,2024-12-19 08:05:24,",1290,1012,1017,1016,1291,1010,1020,1343,1011,1090,1100,1019,1161,",Verification required,PlayUZU.bet.br,Registered User,0.0,0,0,2,1010,Player/Support Block Promo Phone
Regular,18331627,oladia_97,,2024-12-19 08:05:24,",1290,1012,1017,1016,1291,1010,1020,1343,1011,1090,1100,1019,1161,",Verification required,PlayUZU.bet.br,Registered User,0.0,0,0,2,1020,NON Verified at registration
Regular,18331627,oladia_97,,2024-12-19 08:05:24,",1290,1012,1017,1016,1291,1010,1020,1343,1011,1090,1100,1019,1161,",Verification required,PlayUZU.bet.br,Registered User,0.0,0,0,2,1343,Bank Account Details Required
Regular,18331627,oladia_97,,2024-12-19 08:05:24,",1290,1012,1017,1016,1291,1010,1020,1343,1011,1090,1100,1019,1161,",Verification required,PlayUZU.bet.br,Registered User,0.0,0,0,2,1011,Player/Support Block Promo SMS
Regular,18331627,oladia_97,,2024-12-19 08:05:24,",1290,1012,1017,1016,1291,1010,1020,1343,1011,1090,1100,1019,1161,",Verification required,PlayUZU.bet.br,Registered User,0.0,0,0,2,1090,CDD Required
Regular,18331627,oladia_97,,2024-12-19 08:05:24,",1290,1012,1017,1016,1291,1010,1020,1343,1011,1090,1100,1019,1161,",Verification required,PlayUZU.bet.br,Registered User,0.0,0,0,2,1100,CDD Request
Regular,18331627,oladia_97,,2024-12-19 08:05:24,",1290,1012,1017,1016,1291,1010,1020,1343,1011,1090,1100,1019,1161,",Verification required,PlayUZU.bet.br,Registered User,0.0,0,0,2,1019,Connected to 'Bonus Abuser' database
Regular,18331627,oladia_97,,2024-12-19 08:05:24,",1290,1012,1017,1016,1291,1010,1020,1343,1011,1090,1100,1019,1161,",Verification required,PlayUZU.bet.br,Registered User,0.0,0,0,2,1161,Duplicate Account
Regular,18331604,oladia_a3,,2024-12-19 07:57:30,",1290,1012,1017,1016,1291,1010,1020,1343,1011,1090,1100,1019,1161,",Verification required,PlayUZU.bet.br,Registered User,0.0,0,0,2,1290,Missing Copy of ID
Regular,18331604,oladia_a3,,2024-12-19 07:57:30,",1290,1012,1017,1016,1291,1010,1020,1343,1011,1090,1100,1019,1161,",Verification required,PlayUZU.bet.br,Registered User,0.0,0,0,2,1012,Player/Support Block Promo Email
Regular,18331604,oladia_a3,,2024-12-19 07:57:30,",1290,1012,1017,1016,1291,1010,1020,1343,1011,1090,1100,1019,1161,",Verification required,PlayUZU.bet.br,Registered User,0.0,0,0,2,1017,Player/Support Block Promo WEB
Regular,18331604,oladia_a3,,2024-12-19 07:57:30,",1290,1012,1017,1016,1291,1010,1020,1343,1011,1090,1100,1019,1161,",Verification required,PlayUZU.bet.br,Registered User,0.0,0,0,2,1016,Player/Support Block Promo Post
Regular,18331604,oladia_a3,,2024-12-19 07:57:30,",1290,1012,1017,1016,1291,1010,1020,1343,1011,1090,1100,1019,1161,",Verification required,PlayUZU.bet.br,Registered User,0.0,0,0,2,1291,Missing Copy of Address
Regular,18331604,oladia_a3,,2024-12-19 07:57:30,",1290,1012,1017,1016,1291,1010,1020,1343,1011,1090,1100,1019,1161,",Verification required,PlayUZU.bet.br,Registered User,0.0,0,0,2,1010,Player/Support Block Promo Phone
Regular,18331604,oladia_a3,,2024-12-19 07:57:30,",1290,1012,1017,1016,1291,1010,1020,1343,1011,1090,1100,1019,1161,",Verification required,PlayUZU.bet.br,Registered User,0.0,0,0,2,1020,NON Verified at registration
Regular,18331604,oladia_a3,,2024-12-19 07:57:30,",1290,1012,1017,1016,1291,1010,1020,1343,1011,1090,1100,1019,1161,",Verification required,PlayUZU.bet.br,Registered User,0.0,0,0,2,1343,Bank Account Details Required
Regular,18331604,oladia_a3,,2024-12-19 07:57:30,",1290,1012,1017,1016,1291,1010,1020,1343,1011,1090,1100,1019,1161,",Verification required,PlayUZU.bet.br,Registered User,0.0,0,0,2,1011,Player/Support Block Promo SMS
Regular,18331604,oladia_a3,,2024-12-19 07:57:30,",1290,1012,1017,1016,1291,1010,1020,1343,1011,1090,1100,1019,1161,",Verification required,PlayUZU.bet.br,Registered User,0.0,0,0,2,1090,CDD Required
Regular,18331604,oladia_a3,,2024-12-19 07:57:30,",1290,1012,1017,1016,1291,1010,1020,1343,1011,1090,1100,1019,1161,",Verification required,PlayUZU.bet.br,Registered User,0.0,0,0,2,1100,CDD Request
Regular,18331604,oladia_a3,,2024-12-19 07:57:30,",1290,1012,1017,1016,1291,1010,1020,1343,1011,1090,1100,1019,1161,",Verification required,PlayUZU.bet.br,Registered User,0.0,0,0,2,1019,Connected to 'Bonus Abuser' database
Regular,18331604,oladia_a3,,2024-12-19 07:57:30,",1290,1012,1017,1016,1291,1010,1020,1343,1011,1090,1100,1019,1161,",Verification required,PlayUZU.bet.br,Registered User,0.0,0,0,2,1161,Duplicate Account
Regular,18264252,erezbacana2,,2024-12-08 06:34:28,",1100,",Verification required,BacanaPlay.bet.br,Bonus User,0.0,0,0,2,1100,CDD Request
Regular,18283762,puazbr101201,,2024-12-11 13:54:05,",1290,1291,1292,1343,1020,1090,1100,",Verification required,PlayUZU.bet.br,Registered User,0.0,0,0,1,1290,Missing Copy of ID
Regular,18283762,puazbr101201,,2024-12-11 13:54:05,",1290,1291,1292,1343,1020,1090,1100,",Verification required,PlayUZU.bet.br,Registered User,0.0,0,0,1,1291,Missing Copy of Address
Regular,18283762,puazbr101201,,2024-12-11 13:54:05,",1290,1291,1292,1343,1020,1090,1100,",Verification required,PlayUZU.bet.br,Registered User,0.0,0,0,1,1292,Mobile Verification Required
Regular,18283762,puazbr101201,,2024-12-11 13:54:05,",1290,1291,1292,1343,1020,1090,1100,",Verification required,PlayUZU.bet.br,Registered User,0.0,0,0,1,1343,Bank Account Details Required
Regular,18283762,puazbr101201,,2024-12-11 13:54:05,",1290,1291,1292,1343,1020,1090,1100,",Verification required,PlayUZU.bet.br,Registered User,0.0,0,0,1,1020,NON Verified at registration
Regular,18283762,puazbr101201,,2024-12-11 13:54:05,",1290,1291,1292,1343,1020,1090,1100,",Verification required,PlayUZU.bet.br,Registered User,0.0,0,0,1,1090,CDD Required
Regular,18283762,puazbr101201,,2024-12-11 13:54:05,",1290,1291,1292,1343,1020,1090,1100,",Verification required,PlayUZU.bet.br,Registered User,0.0,0,0,1,1100,CDD Request
Regular,18284046,blondbr96,,2024-12-11 15:06:20,",1291,1292,1020,1343,1290,1090,1100,1161,",Verification required,PlayUZU.bet.br,Registered User,0.0,0,0,1,1291,Missing Copy of Address
Regular,18284046,blondbr96,,2024-12-11 15:06:20,",1291,1292,1020,1343,1290,1090,1100,1161,",Verification required,PlayUZU.bet.br,Registered User,0.0,0,0,1,1292,Mobile Verification Required
Regular,18284046,blondbr96,,2024-12-11 15:06:20,",1291,1292,1020,1343,1290,1090,1100,1161,",Verification required,PlayUZU.bet.br,Registered User,0.0,0,0,1,1020,NON Verified at registration
Regular,18284046,blondbr96,,2024-12-11 15:06:20,",1291,1292,1020,1343,1290,1090,1100,1161,",Verification required,PlayUZU.bet.br,Registered User,0.0,0,0,1,1343,Bank Account Details Required
Regular,18284046,blondbr96,,2024-12-11 15:06:20,",1291,1292,1020,1343,1290,1090,1100,1161,",Verification required,PlayUZU.bet.br,Registered User,0.0,0,0,1,1290,Missing Copy of ID
Regular,18284046,blondbr96,,2024-12-11 15:06:20,",1291,1292,1020,1343,1290,1090,1100,1161,",Verification required,PlayUZU.bet.br,Registered User,0.0,0,0,1,1090,CDD Required
Regular,18284046,blondbr96,,2024-12-11 15:06:20,",1291,1292,1020,1343,1290,1090,1100,1161,",Verification required,PlayUZU.bet.br,Registered User,0.0,0,0,1,1100,CDD Request
Regular,18284046,blondbr96,,2024-12-11 15:06:20,",1291,1292,1020,1343,1290,1090,1100,1161,",Verification required,PlayUZU.bet.br,Registered User,0.0,0,0,1,1161,Duplicate Account
Regular,18284254,blondbr98,,2024-12-11 15:50:05,",1161,",Verification required,PlayUZU.bet.br,Registered User,0.0,0,0,1,1161,Duplicate Account
Regular,18290077,blondbr13,,2024-12-12 15:18:20,",1161,",Verification required,PlayUZU.bet.br,Registered User,0.0,0,0,1,1161,Duplicate Account
Regular,18290116,blondbr14,,2024-12-12 15:25:01,",1161,",Verification required,PlayUZU.bet.br,Registered User,0.0,0,0,1,1161,Duplicate Account
Regular,18295798,blondbr18,,2024-12-13 12:00:12,",1161,",Verification required,PlayUZU.bet.br,Registered User,0.0,0,0,1,1161,Duplicate Account
Regular,18307385,blondbr23,,2024-12-15 09:05:03,",1161,",Verification required,PlayUZU.bet.br,Registered User,0.0,0,0,1,1161,Duplicate Account
Regular,18332145,daffda,,2024-12-19 11:15:02,",1290,1020,1016,1010,1011,1017,1012,1343,1291,1090,1100,1019,",Verification required,PlayUZU.bet.br,Registered User,0.0,0,0,2,1290,Missing Copy of ID
Regular,18332145,daffda,,2024-12-19 11:15:02,",1290,1020,1016,1010,1011,1017,1012,1343,1291,1090,1100,1019,",Verification required,PlayUZU.bet.br,Registered User,0.0,0,0,2,1020,NON Verified at registration
Regular,18332145,daffda,,2024-12-19 11:15:02,",1290,1020,1016,1010,1011,1017,1012,1343,1291,1090,1100,1019,",Verification required,PlayUZU.bet.br,Registered User,0.0,0,0,2,1016,Player/Support Block Promo Post
Regular,18332145,daffda,,2024-12-19 11:15:02,",1290,1020,1016,1010,1011,1017,1012,1343,1291,1090,1100,1019,",Verification required,PlayUZU.bet.br,Registered User,0.0,0,0,2,1010,Player/Support Block Promo Phone
Regular,18332145,daffda,,2024-12-19 11:15:02,",1290,1020,1016,1010,1011,1017,1012,1343,1291,1090,1100,1019,",Verification required,PlayUZU.bet.br,Registered User,0.0,0,0,2,1011,Player/Support Block Promo SMS
Regular,18332145,daffda,,2024-12-19 11:15:02,",1290,1020,1016,1010,1011,1017,1012,1343,1291,1090,1100,1019,",Verification required,PlayUZU.bet.br,Registered User,0.0,0,0,2,1017,Player/Support Block Promo WEB
Regular,18332145,daffda,,2024-12-19 11:15:02,",1290,1020,1016,1010,1011,1017,1012,1343,1291,1090,1100,1019,",Verification required,PlayUZU.bet.br,Registered User,0.0,0,0,2,1012,Player/Support Block Promo Email
Regular,18332145,daffda,,2024-12-19 11:15:02,",1290,1020,1016,1010,1011,1017,1012,1343,1291,1090,1100,1019,",Verification required,PlayUZU.bet.br,Registered User,0.0,0,0,2,1343,Bank Account Details Required
Regular,18332145,daffda,,2024-12-19 11:15:02,",1290,1020,1016,1010,1011,1017,1012,1343,1291,1090,1100,1019,",Verification required,PlayUZU.bet.br,Registered User,0.0,0,0,2,1291,Missing Copy of Address
Regular,18332145,daffda,,2024-12-19 11:15:02,",1290,1020,1016,1010,1011,1017,1012,1343,1291,1090,1100,1019,",Verification required,PlayUZU.bet.br,Registered User,0.0,0,0,2,1090,CDD Required
Regular,18332145,daffda,,2024-12-19 11:15:02,",1290,1020,1016,1010,1011,1017,1012,1343,1291,1090,1100,1019,",Verification required,PlayUZU.bet.br,Registered User,0.0,0,0,2,1100,CDD Request
Regular,18332145,daffda,,2024-12-19 11:15:02,",1290,1020,1016,1010,1011,1017,1012,1343,1291,1090,1100,1019,",Verification required,PlayUZU.bet.br,Registered User,0.0,0,0,2,1019,Connected to 'Bonus Abuser' database
Regular,18325597,oladia_a,,2024-12-18 08:21:36,",1011,1343,1292,1291,1290,1012,1020,1010,1017,1016,1090,1100,1161,",Verification required,PlayUZU.bet.br,Registered User,0.0,0,0,1,1011,Player/Support Block Promo SMS
Regular,18325597,oladia_a,,2024-12-18 08:21:36,",1011,1343,1292,1291,1290,1012,1020,1010,1017,1016,1090,1100,1161,",Verification required,PlayUZU.bet.br,Registered User,0.0,0,0,1,1343,Bank Account Details Required
Regular,18325597,oladia_a,,2024-12-18 08:21:36,",1011,1343,1292,1291,1290,1012,1020,1010,1017,1016,1090,1100,1161,",Verification required,PlayUZU.bet.br,Registered User,0.0,0,0,1,1292,Mobile Verification Required
Regular,18325597,oladia_a,,2024-12-18 08:21:36,",1011,1343,1292,1291,1290,1012,1020,1010,1017,1016,1090,1100,1161,",Verification required,PlayUZU.bet.br,Registered User,0.0,0,0,1,1291,Missing Copy of Address
Regular,18325597,oladia_a,,2024-12-18 08:21:36,",1011,1343,1292,1291,1290,1012,1020,1010,1017,1016,1090,1100,1161,",Verification required,PlayUZU.bet.br,Registered User,0.0,0,0,1,1290,Missing Copy of ID
Regular,18325597,oladia_a,,2024-12-18 08:21:36,",1011,1343,1292,1291,1290,1012,1020,1010,1017,1016,1090,1100,1161,",Verification required,PlayUZU.bet.br,Registered User,0.0,0,0,1,1012,Player/Support Block Promo Email
Regular,18325597,oladia_a,,2024-12-18 08:21:36,",1011,1343,1292,1291,1290,1012,1020,1010,1017,1016,1090,1100,1161,",Verification required,PlayUZU.bet.br,Registered User,0.0,0,0,1,1020,NON Verified at registration
Regular,18325597,oladia_a,,2024-12-18 08:21:36,",1011,1343,1292,1291,1290,1012,1020,1010,1017,1016,1090,1100,1161,",Verification required,PlayUZU.bet.br,Registered User,0.0,0,0,1,1010,Player/Support Block Promo Phone
Regular,18325597,oladia_a,,2024-12-18 08:21:36,",1011,1343,1292,1291,1290,1012,1020,1010,1017,1016,1090,1100,1161,",Verification required,PlayUZU.bet.br,Registered User,0.0,0,0,1,1017,Player/Support Block Promo WEB
Regular,18325597,oladia_a,,2024-12-18 08:21:36,",1011,1343,1292,1291,1290,1012,1020,1010,1017,1016,1090,1100,1161,",Verification required,PlayUZU.bet.br,Registered User,0.0,0,0,1,1016,Player/Support Block Promo Post
Regular,18325597,oladia_a,,2024-12-18 08:21:36,",1011,1343,1292,1291,1290,1012,1020,1010,1017,1016,1090,1100,1161,",Verification required,PlayUZU.bet.br,Registered User,0.0,0,0,1,1090,CDD Required
Regular,18325597,oladia_a,,2024-12-18 08:21:36,",1011,1343,1292,1291,1290,1012,1020,1010,1017,1016,1090,1100,1161,",Verification required,PlayUZU.bet.br,Registered User,0.0,0,0,1,1100,CDD Request
Regular,18325597,oladia_a,,2024-12-18 08:21:36,",1011,1343,1292,1291,1290,1012,1020,1010,1017,1016,1090,1100,1161,",Verification required,PlayUZU.bet.br,Registered User,0.0,0,0,1,1161,Duplicate Account
Regular,18326911,shrb01,,2024-12-18 15:29:53,",1290,1292,1291,1020,1343,1100,1090,",Verification required,PlayUZU.bet.br,Registered User,0.0,0,0,1,1290,Missing Copy of ID
Regular,18326911,shrb01,,2024-12-18 15:29:53,",1290,1292,1291,1020,1343,1100,1090,",Verification required,PlayUZU.bet.br,Registered User,0.0,0,0,1,1292,Mobile Verification Required
Regular,18326911,shrb01,,2024-12-18 15:29:53,",1290,1292,1291,1020,1343,1100,1090,",Verification required,PlayUZU.bet.br,Registered User,0.0,0,0,1,1291,Missing Copy of Address
Regular,18326911,shrb01,,2024-12-18 15:29:53,",1290,1292,1291,1020,1343,1100,1090,",Verification required,PlayUZU.bet.br,Registered User,0.0,0,0,1,1020,NON Verified at registration
Regular,18326911,shrb01,,2024-12-18 15:29:53,",1290,1292,1291,1020,1343,1100,1090,",Verification required,PlayUZU.bet.br,Registered User,0.0,0,0,1,1343,Bank Account Details Required
Regular,18326911,shrb01,,2024-12-18 15:29:53,",1290,1292,1291,1020,1343,1100,1090,",Verification required,PlayUZU.bet.br,Registered User,0.0,0,0,1,1100,CDD Request
Regular,18326911,shrb01,,2024-12-18 15:29:53,",1290,1292,1291,1020,1343,1100,1090,",Verification required,PlayUZU.bet.br,Registered User,0.0,0,0,1,1090,CDD Required
Regular,18283844,meitBPbr02,,2024-12-11 14:15:33,",1290,1291,1292,1343,1020,1100,1090,",Verification required,BacanaPlay.bet.br,Registered User,0.0,0,0,1,1290,Missing Copy of ID
Regular,18283844,meitBPbr02,,2024-12-11 14:15:33,",1290,1291,1292,1343,1020,1100,1090,",Verification required,BacanaPlay.bet.br,Registered User,0.0,0,0,1,1291,Missing Copy of Address
Regular,18283844,meitBPbr02,,2024-12-11 14:15:33,",1290,1291,1292,1343,1020,1100,1090,",Verification required,BacanaPlay.bet.br,Registered User,0.0,0,0,1,1292,Mobile Verification Required
Regular,18283844,meitBPbr02,,2024-12-11 14:15:33,",1290,1291,1292,1343,1020,1100,1090,",Verification required,BacanaPlay.bet.br,Registered User,0.0,0,0,1,1343,Bank Account Details Required
Regular,18283844,meitBPbr02,,2024-12-11 14:15:33,",1290,1291,1292,1343,1020,1100,1090,",Verification required,BacanaPlay.bet.br,Registered User,0.0,0,0,1,1020,NON Verified at registration
Regular,18283844,meitBPbr02,,2024-12-11 14:15:33,",1290,1291,1292,1343,1020,1100,1090,",Verification required,BacanaPlay.bet.br,Registered User,0.0,0,0,1,1100,CDD Request
Regular,18283844,meitBPbr02,,2024-12-11 14:15:33,",1290,1291,1292,1343,1020,1100,1090,",Verification required,BacanaPlay.bet.br,Registered User,0.0,0,0,1,1090,CDD Required
Regular,18239492,olmemi,,2024-12-04 15:32:21,",1020,",Verification required,PlayUZU.bet.br,Registered User,0.0,0,0,2,1020,NON Verified at registration
Regular,18413337,puazbr311203,3588689.0,2024-12-31 07:09:03,",1343,",Additional verification needed,PlayUZU.bet.br,Registered User,0.0,1,0,2,1343,Bank Account Details Required
Regular,18284050,blondbr97,,2024-12-11 15:07:13,",1210,",Verification required,PlayUZU.bet.br,Registered User,0.0,0,0,1,1210,Unsuccessful login trials limit reached
Regular,18325688,oladia_12,,2024-12-18 09:01:12,",1290,1012,1292,1016,1291,1010,1020,1343,1011,1100,1090,",Verification required,BacanaPlay.bet.br,Registered User,0.0,0,0,1,1290,Missing Copy of ID
Regular,18325688,oladia_12,,2024-12-18 09:01:12,",1290,1012,1292,1016,1291,1010,1020,1343,1011,1100,1090,",Verification required,BacanaPlay.bet.br,Registered User,0.0,0,0,1,1012,Player/Support Block Promo Email
Regular,18325688,oladia_12,,2024-12-18 09:01:12,",1290,1012,1292,1016,1291,1010,1020,1343,1011,1100,1090,",Verification required,BacanaPlay.bet.br,Registered User,0.0,0,0,1,1292,Mobile Verification Required
Regular,18325688,oladia_12,,2024-12-18 09:01:12,",1290,1012,1292,1016,1291,1010,1020,1343,1011,1100,1090,",Verification required,BacanaPlay.bet.br,Registered User,0.0,0,0,1,1016,Player/Support Block Promo Post
Regular,18325688,oladia_12,,2024-12-18 09:01:12,",1290,1012,1292,1016,1291,1010,1020,1343,1011,1100,1090,",Verification required,BacanaPlay.bet.br,Registered User,0.0,0,0,1,1291,Missing Copy of Address
Regular,18325688,oladia_12,,2024-12-18 09:01:12,",1290,1012,1292,1016,1291,1010,1020,1343,1011,1100,1090,",Verification required,BacanaPlay.bet.br,Registered User,0.0,0,0,1,1010,Player/Support Block Promo Phone
Regular,18325688,oladia_12,,2024-12-18 09:01:12,",1290,1012,1292,1016,1291,1010,1020,1343,1011,1100,1090,",Verification required,BacanaPlay.bet.br,Registered User,0.0,0,0,1,1020,NON Verified at registration
Regular,18325688,oladia_12,,2024-12-18 09:01:12,",1290,1012,1292,1016,1291,1010,1020,1343,1011,1100,1090,",Verification required,BacanaPlay.bet.br,Registered User,0.0,0,0,1,1343,Bank Account Details Required
Regular,18325688,oladia_12,,2024-12-18 09:01:12,",1290,1012,1292,1016,1291,1010,1020,1343,1011,1100,1090,",Verification required,BacanaPlay.bet.br,Registered User,0.0,0,0,1,1011,Player/Support Block Promo SMS
Regular,18325688,oladia_12,,2024-12-18 09:01:12,",1290,1012,1292,1016,1291,1010,1020,1343,1011,1100,1090,",Verification required,BacanaPlay.bet.br,Registered User,0.0,0,0,1,1100,CDD Request
Regular,18325688,oladia_12,,2024-12-18 09:01:12,",1290,1012,1292,1016,1291,1010,1020,1343,1011,1100,1090,",Verification required,BacanaPlay.bet.br,Registered User,0.0,0,0,1,1090,CDD Required
Regular,18284184,vastest812,3596699.0,2024-12-11 15:35:15,",1016,1010,1012,1017,1011,1019,",Verification succeeded,PlayUZU.bet.br,Registered User,0.0,1,0,2,1016,Player/Support Block Promo Post
Regular,18284184,vastest812,3596699.0,2024-12-11 15:35:15,",1016,1010,1012,1017,1011,1019,",Verification succeeded,PlayUZU.bet.br,Registered User,0.0,1,0,2,1010,Player/Support Block Promo Phone
Regular,18284184,vastest812,3596699.0,2024-12-11 15:35:15,",1016,1010,1012,1017,1011,1019,",Verification succeeded,PlayUZU.bet.br,Registered User,0.0,1,0,2,1012,Player/Support Block Promo Email
Regular,18284184,vastest812,3596699.0,2024-12-11 15:35:15,",1016,1010,1012,1017,1011,1019,",Verification succeeded,PlayUZU.bet.br,Registered User,0.0,1,0,2,1017,Player/Support Block Promo WEB
Regular,18284184,vastest812,3596699.0,2024-12-11 15:35:15,",1016,1010,1012,1017,1011,1019,",Verification succeeded,PlayUZU.bet.br,Registered User,0.0,1,0,2,1011,Player/Support Block Promo SMS
Regular,18284184,vastest812,3596699.0,2024-12-11 15:35:15,",1016,1010,1012,1017,1011,1019,",Verification succeeded,PlayUZU.bet.br,Registered User,0.0,1,0,2,1019,Connected to 'Bonus Abuser' database
Regular,18415197,vastest516,,2024-12-31 16:17:11,",1343,1292,1020,1290,1291,1161,",Verification required,PlayUZU.bet.br,Practice User,0.0,0,0,1,1343,Bank Account Details Required
Regular,18415197,vastest516,,2024-12-31 16:17:11,",1343,1292,1020,1290,1291,1161,",Verification required,PlayUZU.bet.br,Practice User,0.0,0,0,1,1292,Mobile Verification Required
Regular,18415197,vastest516,,2024-12-31 16:17:11,",1343,1292,1020,1290,1291,1161,",Verification required,PlayUZU.bet.br,Practice User,0.0,0,0,1,1020,NON Verified at registration
Regular,18415197,vastest516,,2024-12-31 16:17:11,",1343,1292,1020,1290,1291,1161,",Verification required,PlayUZU.bet.br,Practice User,0.0,0,0,1,1290,Missing Copy of ID
Regular,18415197,vastest516,,2024-12-31 16:17:11,",1343,1292,1020,1290,1291,1161,",Verification required,PlayUZU.bet.br,Practice User,0.0,0,0,1,1291,Missing Copy of Address
Regular,18415197,vastest516,,2024-12-31 16:17:11,",1343,1292,1020,1290,1291,1161,",Verification required,PlayUZU.bet.br,Practice User,0.0,0,0,1,1161,Duplicate Account
Regular,18415204,vastest518,,2024-12-31 16:20:06,",1290,1020,1291,",Verification required,PlayUZU.bet.br,Practice User,0.0,0,0,2,1290,Missing Copy of ID
Regular,18415204,vastest518,,2024-12-31 16:20:06,",1290,1020,1291,",Verification required,PlayUZU.bet.br,Practice User,0.0,0,0,2,1020,NON Verified at registration
Regular,18415204,vastest518,,2024-12-31 16:20:06,",1290,1020,1291,",Verification required,PlayUZU.bet.br,Practice User,0.0,0,0,2,1291,Missing Copy of Address
Regular,18307400,blondbr24,,2024-12-15 09:09:35,",1161,",Verification required,PlayUZU.bet.br,Registered User,0.0,0,0,1,1161,Duplicate Account
Regular,18325752,oladia_ac,,2024-12-18 09:21:59,",1290,1291,1011,1292,1343,1020,1012,1017,1010,1016,1090,1100,1019,1161,",Verification required,PlayUZU.bet.br,Registered User,0.0,0,0,1,1290,Missing Copy of ID
Regular,18325752,oladia_ac,,2024-12-18 09:21:59,",1290,1291,1011,1292,1343,1020,1012,1017,1010,1016,1090,1100,1019,1161,",Verification required,PlayUZU.bet.br,Registered User,0.0,0,0,1,1291,Missing Copy of Address
Regular,18325752,oladia_ac,,2024-12-18 09:21:59,",1290,1291,1011,1292,1343,1020,1012,1017,1010,1016,1090,1100,1019,1161,",Verification required,PlayUZU.bet.br,Registered User,0.0,0,0,1,1011,Player/Support Block Promo SMS
Regular,18325752,oladia_ac,,2024-12-18 09:21:59,",1290,1291,1011,1292,1343,1020,1012,1017,1010,1016,1090,1100,1019,1161,",Verification required,PlayUZU.bet.br,Registered User,0.0,0,0,1,1292,Mobile Verification Required
Regular,18325752,oladia_ac,,2024-12-18 09:21:59,",1290,1291,1011,1292,1343,1020,1012,1017,1010,1016,1090,1100,1019,1161,",Verification required,PlayUZU.bet.br,Registered User,0.0,0,0,1,1343,Bank Account Details Required
Regular,18325752,oladia_ac,,2024-12-18 09:21:59,",1290,1291,1011,1292,1343,1020,1012,1017,1010,1016,1090,1100,1019,1161,",Verification required,PlayUZU.bet.br,Registered User,0.0,0,0,1,1020,NON Verified at registration
Regular,18325752,oladia_ac,,2024-12-18 09:21:59,",1290,1291,1011,1292,1343,1020,1012,1017,1010,1016,1090,1100,1019,1161,",Verification required,PlayUZU.bet.br,Registered User,0.0,0,0,1,1012,Player/Support Block Promo Email
Regular,18325752,oladia_ac,,2024-12-18 09:21:59,",1290,1291,1011,1292,1343,1020,1012,1017,1010,1016,1090,1100,1019,1161,",Verification required,PlayUZU.bet.br,Registered User,0.0,0,0,1,1017,Player/Support Block Promo WEB
Regular,18325752,oladia_ac,,2024-12-18 09:21:59,",1290,1291,1011,1292,1343,1020,1012,1017,1010,1016,1090,1100,1019,1161,",Verification required,PlayUZU.bet.br,Registered User,0.0,0,0,1,1010,Player/Support Block Promo Phone
Regular,18325752,oladia_ac,,2024-12-18 09:21:59,",1290,1291,1011,1292,1343,1020,1012,1017,1010,1016,1090,1100,1019,1161,",Verification required,PlayUZU.bet.br,Registered User,0.0,0,0,1,1016,Player/Support Block Promo Post
Regular,18325752,oladia_ac,,2024-12-18 09:21:59,",1290,1291,1011,1292,1343,1020,1012,1017,1010,1016,1090,1100,1019,1161,",Verification required,PlayUZU.bet.br,Registered User,0.0,0,0,1,1090,CDD Required
Regular,18325752,oladia_ac,,2024-12-18 09:21:59,",1290,1291,1011,1292,1343,1020,1012,1017,1010,1016,1090,1100,1019,1161,",Verification required,PlayUZU.bet.br,Registered User,0.0,0,0,1,1100,CDD Request
Regular,18325752,oladia_ac,,2024-12-18 09:21:59,",1290,1291,1011,1292,1343,1020,1012,1017,1010,1016,1090,1100,1019,1161,",Verification required,PlayUZU.bet.br,Registered User,0.0,0,0,1,1019,Connected to 'Bonus Abuser' database
Regular,18325752,oladia_ac,,2024-12-18 09:21:59,",1290,1291,1011,1292,1343,1020,1012,1017,1010,1016,1090,1100,1019,1161,",Verification required,PlayUZU.bet.br,Registered User,0.0,0,0,1,1161,Duplicate Account
Regular,18289112,oladia_ii,,2024-12-12 10:25:14,",1291,1292,1020,1343,1290,1090,1100,1161,",Verification required,PlayUZU.bet.br,Registered User,0.0,0,0,1,1291,Missing Copy of Address
Regular,18289112,oladia_ii,,2024-12-12 10:25:14,",1291,1292,1020,1343,1290,1090,1100,1161,",Verification required,PlayUZU.bet.br,Registered User,0.0,0,0,1,1292,Mobile Verification Required
Regular,18289112,oladia_ii,,2024-12-12 10:25:14,",1291,1292,1020,1343,1290,1090,1100,1161,",Verification required,PlayUZU.bet.br,Registered User,0.0,0,0,1,1020,NON Verified at registration
Regular,18289112,oladia_ii,,2024-12-12 10:25:14,",1291,1292,1020,1343,1290,1090,1100,1161,",Verification required,PlayUZU.bet.br,Registered User,0.0,0,0,1,1343,Bank Account Details Required
Regular,18289112,oladia_ii,,2024-12-12 10:25:14,",1291,1292,1020,1343,1290,1090,1100,1161,",Verification required,PlayUZU.bet.br,Registered User,0.0,0,0,1,1290,Missing Copy of ID
Regular,18289112,oladia_ii,,2024-12-12 10:25:14,",1291,1292,1020,1343,1290,1090,1100,1161,",Verification required,PlayUZU.bet.br,Registered User,0.0,0,0,1,1090,CDD Required
Regular,18289112,oladia_ii,,2024-12-12 10:25:14,",1291,1292,1020,1343,1290,1090,1100,1161,",Verification required,PlayUZU.bet.br,Registered User,0.0,0,0,1,1100,CDD Request
Regular,18289112,oladia_ii,,2024-12-12 10:25:14,",1291,1292,1020,1343,1290,1090,1100,1161,",Verification required,PlayUZU.bet.br,Registered User,0.0,0,0,1,1161,Duplicate Account
Regular,18400074,meitPUbr03,,2024-12-29 11:40:45,",1290,1020,1291,1292,1343,",Verification required,PlayUZU.bet.br,Practice User,0.0,0,0,1,1290,Missing Copy of ID
Regular,18400074,meitPUbr03,,2024-12-29 11:40:45,",1290,1020,1291,1292,1343,",Verification required,PlayUZU.bet.br,Practice User,0.0,0,0,1,1020,NON Verified at registration
Regular,18400074,meitPUbr03,,2024-12-29 11:40:45,",1290,1020,1291,1292,1343,",Verification required,PlayUZU.bet.br,Practice User,0.0,0,0,1,1291,Missing Copy of Address
Regular,18400074,meitPUbr03,,2024-12-29 11:40:45,",1290,1020,1291,1292,1343,",Verification required,PlayUZU.bet.br,Practice User,0.0,0,0,1,1292,Mobile Verification Required
Regular,18400074,meitPUbr03,,2024-12-29 11:40:45,",1290,1020,1291,1292,1343,",Verification required,PlayUZU.bet.br,Practice User,0.0,0,0,1,1343,Bank Account Details Required
Regular,18413268,puazbr311201,3588692.0,2024-12-31 06:47:41,",1343,",Additional verification needed,PlayUZU.bet.br,Registered User,0.0,1,0,2,1343,Bank Account Details Required
Regular,18414646,vastest514,,2024-12-31 14:08:23,",1020,1291,1090,1003,1100,1235,",Verification rejected,PlayUZU.bet.br,Practice User,0.0,0,0,2,1020,NON Verified at registration
Regular,18414646,vastest514,,2024-12-31 14:08:23,",1020,1291,1090,1003,1100,1235,",Verification rejected,PlayUZU.bet.br,Practice User,0.0,0,0,2,1291,Missing Copy of Address
Regular,18414646,vastest514,,2024-12-31 14:08:23,",1020,1291,1090,1003,1100,1235,",Verification rejected,PlayUZU.bet.br,Practice User,0.0,0,0,2,1090,CDD Required
Regular,18414646,vastest514,,2024-12-31 14:08:23,",1020,1291,1090,1003,1100,1235,",Verification rejected,PlayUZU.bet.br,Practice User,0.0,0,0,2,1003,EID Failed
Regular,18414646,vastest514,,2024-12-31 14:08:23,",1020,1291,1090,1003,1100,1235,",Verification rejected,PlayUZU.bet.br,Practice User,0.0,0,0,2,1100,CDD Request
Regular,18414646,vastest514,,2024-12-31 14:08:23,",1020,1291,1090,1003,1100,1235,",Verification rejected,PlayUZU.bet.br,Practice User,0.0,0,0,2,1235,Terminated (Permanently Closed Account)
Regular,18246106,vastest498,,2024-12-05 16:43:42,",1020,1292,1343,1290,1291,1090,1100,",Verification required,PlayUZU.bet.br,Registered User,0.0,0,0,1,1020,NON Verified at registration
Regular,18246106,vastest498,,2024-12-05 16:43:42,",1020,1292,1343,1290,1291,1090,1100,",Verification required,PlayUZU.bet.br,Registered User,0.0,0,0,1,1292,Mobile Verification Required
Regular,18246106,vastest498,,2024-12-05 16:43:42,",1020,1292,1343,1290,1291,1090,1100,",Verification required,PlayUZU.bet.br,Registered User,0.0,0,0,1,1343,Bank Account Details Required
Regular,18246106,vastest498,,2024-12-05 16:43:42,",1020,1292,1343,1290,1291,1090,1100,",Verification required,PlayUZU.bet.br,Registered User,0.0,0,0,1,1290,Missing Copy of ID
Regular,18246106,vastest498,,2024-12-05 16:43:42,",1020,1292,1343,1290,1291,1090,1100,",Verification required,PlayUZU.bet.br,Registered User,0.0,0,0,1,1291,Missing Copy of Address
Regular,18246106,vastest498,,2024-12-05 16:43:42,",1020,1292,1343,1290,1291,1090,1100,",Verification required,PlayUZU.bet.br,Registered User,0.0,0,0,1,1090,CDD Required
Regular,18246106,vastest498,,2024-12-05 16:43:42,",1020,1292,1343,1290,1291,1090,1100,",Verification required,PlayUZU.bet.br,Registered User,0.0,0,0,1,1100,CDD Request
Regular,18325821,olssdf_sl82,,2024-12-18 09:50:37,",1290,1292,1291,1020,1343,1090,1100,1019,1161,",Verification required,PlayUZU.bet.br,Registered User,0.0,0,0,1,1290,Missing Copy of ID
Regular,18325821,olssdf_sl82,,2024-12-18 09:50:37,",1290,1292,1291,1020,1343,1090,1100,1019,1161,",Verification required,PlayUZU.bet.br,Registered User,0.0,0,0,1,1292,Mobile Verification Required
Regular,18325821,olssdf_sl82,,2024-12-18 09:50:37,",1290,1292,1291,1020,1343,1090,1100,1019,1161,",Verification required,PlayUZU.bet.br,Registered User,0.0,0,0,1,1291,Missing Copy of Address
Regular,18325821,olssdf_sl82,,2024-12-18 09:50:37,",1290,1292,1291,1020,1343,1090,1100,1019,1161,",Verification required,PlayUZU.bet.br,Registered User,0.0,0,0,1,1020,NON Verified at registration
Regular,18325821,olssdf_sl82,,2024-12-18 09:50:37,",1290,1292,1291,1020,1343,1090,1100,1019,1161,",Verification required,PlayUZU.bet.br,Registered User,0.0,0,0,1,1343,Bank Account Details Required
Regular,18325821,olssdf_sl82,,2024-12-18 09:50:37,",1290,1292,1291,1020,1343,1090,1100,1019,1161,",Verification required,PlayUZU.bet.br,Registered User,0.0,0,0,1,1090,CDD Required
Regular,18325821,olssdf_sl82,,2024-12-18 09:50:37,",1290,1292,1291,1020,1343,1090,1100,1019,1161,",Verification required,PlayUZU.bet.br,Registered User,0.0,0,0,1,1100,CDD Request
Regular,18325821,olssdf_sl82,,2024-12-18 09:50:37,",1290,1292,1291,1020,1343,1090,1100,1019,1161,",Verification required,PlayUZU.bet.br,Registered User,0.0,0,0,1,1019,Connected to 'Bonus Abuser' database
Regular,18325821,olssdf_sl82,,2024-12-18 09:50:37,",1290,1292,1291,1020,1343,1090,1100,1019,1161,",Verification required,PlayUZU.bet.br,Registered User,0.0,0,0,1,1161,Duplicate Account
Regular,18413709,puazbr311206,3588830.0,2024-12-31 09:18:13,",1343,",Additional verification needed,PlayUZU.bet.br,Registered User,0.0,1,0,2,1343,Bank Account Details Required
Regular,18319336,dfdfdd,,2024-12-17 09:42:25,",1290,1292,1291,1020,1343,1100,1090,1019,",Verification required,PlayUZU.bet.br,Registered User,0.0,0,0,1,1290,Missing Copy of ID
Regular,18319336,dfdfdd,,2024-12-17 09:42:25,",1290,1292,1291,1020,1343,1100,1090,1019,",Verification required,PlayUZU.bet.br,Registered User,0.0,0,0,1,1292,Mobile Verification Required
Regular,18319336,dfdfdd,,2024-12-17 09:42:25,",1290,1292,1291,1020,1343,1100,1090,1019,",Verification required,PlayUZU.bet.br,Registered User,0.0,0,0,1,1291,Missing Copy of Address
Regular,18319336,dfdfdd,,2024-12-17 09:42:25,",1290,1292,1291,1020,1343,1100,1090,1019,",Verification required,PlayUZU.bet.br,Registered User,0.0,0,0,1,1020,NON Verified at registration
Regular,18319336,dfdfdd,,2024-12-17 09:42:25,",1290,1292,1291,1020,1343,1100,1090,1019,",Verification required,PlayUZU.bet.br,Registered User,0.0,0,0,1,1343,Bank Account Details Required
Regular,18319336,dfdfdd,,2024-12-17 09:42:25,",1290,1292,1291,1020,1343,1100,1090,1019,",Verification required,PlayUZU.bet.br,Registered User,0.0,0,0,1,1100,CDD Request
Regular,18319336,dfdfdd,,2024-12-17 09:42:25,",1290,1292,1291,1020,1343,1100,1090,1019,",Verification required,PlayUZU.bet.br,Registered User,0.0,0,0,1,1090,CDD Required
Regular,18319336,dfdfdd,,2024-12-17 09:42:25,",1290,1292,1291,1020,1343,1100,1090,1019,",Verification required,PlayUZU.bet.br,Registered User,0.0,0,0,1,1019,Connected to 'Bonus Abuser' database
Regular,18413601,puazbr311205,3588772.0,2024-12-31 08:40:46,",1343,",Additional verification needed,PlayUZU.bet.br,Registered User,0.0,1,0,2,1343,Bank Account Details Required
Regular,18307353,blondbr21,,2024-12-15 08:48:50,",1161,",Verification required,PlayUZU.bet.br,Registered User,0.0,0,0,1,1161,Duplicate Account
