DESCRIPTION,USERID,USERNAME,USER_PARENT_ID,OPENDATE,ACCOUNT_BLOCK_REASONS,DESCRIPTION,SKIN,ACCOUNTTYPENAME,REALBALANCE,VERIFIEDPLAYER,VERIFIED_BANK_DETAILS,MOBILE_VERIFICATION
Regular,18421832,maclea_aa37,,2025-01-01 16:18:52,",1291,1290,1020,",Verification required,PlayUZU.bet.br,Practice User,0.0,0,0,2
Regular,18423750,Meitch,,2025-01-01 21:37:38,",1291,1290,1020,",Verification required,PlayUZU.bet.br,Practice User,0.0,0,0,2
Regular,18422924,Fcastro0800,,2025-01-01 19:36:37,",1291,1290,1020,1343,",Verification required,PlayUZU.bet.br,Practice User,0.0,0,0,2
Regular,18420851,Heltao,,2025-01-01 12:29:29,",1291,1290,1020,",Verification required,PlayUZU.bet.br,Practice User,0.0,0,0,2
Regular,18435368,dbteste,,2025-01-03 16:19:43,",1020,1011,1016,1012,1291,1290,1017,1010,1326,",Verification required,PlayUZU.bet.br,Practice User,0.0,0,0,2
Regular,18439346,26101982,,2025-01-04 02:23:15,",1020,1292,1291,1290,1343,",Verification required,PlayUZU.bet.br,Practice User,0.0,0,0,1
Regular,18427115,aguiar991229,,2025-01-02 10:42:59,",1010,1016,1012,1020,1011,1291,1017,1290,",Verification required,PlayUZU.bet.br,Practice User,0.0,0,0,2
Regular,18427710,vastest529,,2025-01-02 14:00:00,",1010,1016,1012,1020,1011,1291,1017,1290,1343,1292,1161,1235,",Verification required,PlayUZU.bet.br,Practice User,0.0,0,0,1
Regular,18422081,Jefffffer,,2025-01-01 17:07:03,",1291,1290,1020,1343,",Verification required,PlayUZU.bet.br,Practice User,0.0,0,0,2
Regular,18425372,ordelino,,2025-01-02 02:07:16,",1291,1343,1290,1020,",Verification required,PlayUZU.bet.br,Practice User,0.0,0,0,2
Regular,18431329,dan-45,,2025-01-02 23:49:19,",1020,1016,1010,1290,1012,1291,1017,1011,",Verification required,PlayUZU.bet.br,Practice User,0.0,0,0,2
Regular,18430219,C1l9a1i2r,,2025-01-02 21:20:24,",1020,1290,1291,",Verification required,PlayUZU.bet.br,Practice User,0.0,0,0,2
Regular,18428760,gableo_el38,,2025-01-02 17:39:24,",1016,1011,1017,1291,1290,1010,1012,1020,1343,",Verification required,PlayUZU.bet.br,Practice User,0.0,0,0,2
Regular,18434841,guivoltz,,2025-01-03 14:22:16,",1343,1020,1011,1016,1291,1290,1017,1010,",Verification required,PlayUZU.bet.br,Practice User,0.0,0,0,2
Regular,18427777,motdal_dm173,,2025-01-02 14:14:41,",1020,1291,1290,1343,1292,1161,",Verification required,PlayUZU.bet.br,Practice User,0.0,0,0,1
Regular,18424937,monrod_om42d,,2025-01-02 00:48:43,",1291,1290,1020,1343,",Verification required,PlayUZU.bet.br,Practice User,0.0,0,0,2
Regular,18427794,motdal_ad58,,2025-01-02 14:17:24,",1290,1020,1291,1343,1292,1161,",Verification required,PlayUZU.bet.br,Practice User,0.0,0,0,1
Regular,18438771,Nilma0112,,2025-01-04 00:53:13,",1020,1291,1290,",Verification required,PlayUZU.bet.br,Practice User,0.0,0,0,2
Regular,18421300,feredu_ee87e,,2025-01-01 14:24:25,",1291,1290,1292,1020,1343,",Verification required,PlayUZU.bet.br,Practice User,0.0,0,0,1
Regular,18428975,Orlles,,2025-01-02 18:17:06,",1020,1290,1291,1019,",Verification required,PlayUZU.bet.br,Practice User,0.0,0,0,2
Regular,18421494,Valquirya,,2025-01-01 15:08:08,",1291,1343,1290,1020,",Verification required,PlayUZU.bet.br,Practice User,0.0,0,0,2
Regular,18427756,motdal_lo72,,2025-01-02 14:08:21,",1290,1020,1291,1343,1292,1161,",Verification required,PlayUZU.bet.br,Practice User,0.0,0,0,1
Regular,18439421,Jessesc1986,,2025-01-04 02:33:06,",1020,1292,1291,1290,1343,",Verification required,PlayUZU.bet.br,Practice User,0.0,0,0,1
Regular,18439197,Flamengo200,,2025-01-04 02:00:33,",1291,1020,1290,1343,",Verification required,PlayUZU.bet.br,Practice User,0.0,0,0,2
Regular,18427703,vastest528,,2025-01-02 13:57:13,",1290,1012,1011,1020,1291,1343,1017,1292,1016,1010,1235,",Verification required,PlayUZU.bet.br,Practice User,0.0,0,0,1
Regular,18429126,matosfila9,,2025-01-02 18:41:20,",1020,1290,1291,",Verification required,PlayUZU.bet.br,Practice User,0.0,0,0,2
Regular,18424364,Toninhotone,,2025-01-01 23:13:59,",1291,1290,1020,1343,",Verification required,PlayUZU.bet.br,Practice User,0.0,0,0,2
Regular,18428165,emanuelreda,,2025-01-02 15:37:51,",1291,1016,1010,1290,1011,1017,1020,1343,",Verification required,PlayUZU.bet.br,Practice User,0.0,0,0,2
Regular,18438563,Moreira2874,,2025-01-04 00:26:20,",1291,1020,1290,",Verification required,PlayUZU.bet.br,Practice User,0.0,0,0,2
Regular,18424257,Jefinho88,,2025-01-01 22:58:35,",1291,1290,1020,",Verification required,PlayUZU.bet.br,Practice User,0.0,0,0,2
Regular,18422889,jacare777,,2025-01-01 19:31:55,",1291,1290,1020,",Verification required,PlayUZU.bet.br,Practice User,0.0,0,0,2
Regular,18422176,purges_re27,,2025-01-01 17:26:04,",1291,1290,1020,1343,",Verification required,PlayUZU.bet.br,Practice User,0.0,0,0,2
Regular,18430053,nady128,,2025-01-02 20:54:06,",1290,1291,1020,1019,",Verification required,PlayUZU.bet.br,Practice User,0.0,0,0,2
Regular,18425896,Pedrinjb,,2025-01-02 03:49:24,",1291,1290,1020,1343,",Verification required,PlayUZU.bet.br,Practice User,0.0,0,0,2
Regular,18427818,motdal_ot39,,2025-01-02 14:21:21,",1290,1020,1291,1343,1292,",Verification required,PlayUZU.bet.br,Practice User,0.0,0,0,1
Regular,18420620,Ivan_santos6,,2025-01-01 11:18:31,",1291,1290,1020,",Verification required,PlayUZU.bet.br,Practice User,0.0,0,0,2
Regular,18422158,Maivado1404,,2025-01-01 17:23:04,",1291,1290,1020,1343,",Verification required,PlayUZU.bet.br,Practice User,0.0,0,0,2
Regular,18427812,motdal_oo67,,2025-01-02 14:20:21,",1020,1291,1290,1343,1292,1161,",Verification required,PlayUZU.bet.br,Practice User,0.0,0,0,1
Regular,18430323,allsam_ls73,,2025-01-02 21:36:50,",1020,1290,1291,",Verification required,PlayUZU.bet.br,Practice User,0.0,0,0,2
Regular,18423377,batvin_vt13,,2025-01-01 20:40:00,",1292,1291,1343,1290,1020,",Verification required,PlayUZU.bet.br,Practice User,0.0,0,0,1
Regular,18429191,Brab1616,,2025-01-02 18:48:36,",1291,1290,1020,1292,1343,",Verification required,PlayUZU.bet.br,Practice User,0.0,0,0,1
Regular,18429200,Ma2505,,2025-01-02 18:49:29,",1291,1290,1020,1343,",Verification required,PlayUZU.bet.br,Practice User,0.0,0,0,2
Regular,18436516,Soniah234,,2025-01-03 19:54:01,",1020,1291,1290,",Verification required,PlayUZU.bet.br,Practice User,0.0,0,0,2
Regular,18443592,Carloswx77,,2025-01-04 19:30:27,",1020,1291,1290,",Verification required,PlayUZU.bet.br,Practice User,0.0,0,0,2
Regular,18434556,uesli67,,2025-01-03 13:10:53,",1343,1292,1020,1011,1016,1012,1291,1290,1017,1010,",Verification required,PlayUZU.bet.br,Practice User,0.0,0,0,1
Regular,18437827,ramdie_dr17,,2025-01-03 22:52:28,",1343,1020,1291,1290,",Verification required,PlayUZU.bet.br,Practice User,0.0,0,0,2
Regular,18426283,vitjoa_oa45,,2025-01-02 05:26:48,",1291,1290,1020,1343,",Verification required,PlayUZU.bet.br,Practice User,0.0,0,0,2
Regular,18421859,Loganbog,,2025-01-01 16:24:50,",1291,1343,1290,1020,",Verification required,PlayUZU.bet.br,Practice User,0.0,0,0,2
Regular,18437794,thezzinho95,,2025-01-03 22:48:39,",1343,1292,1020,1291,1290,",Verification required,PlayUZU.bet.br,Practice User,0.0,0,0,1
Regular,18420764,vazadr_dd15,,2025-01-01 12:00:55,",1291,1290,1292,1020,1343,",Verification required,PlayUZU.bet.br,Practice User,0.0,0,0,1
Regular,18423662,SalsaCannabi,,2025-01-01 21:23:23,",1291,1290,1020,",Verification required,PlayUZU.bet.br,Practice User,0.0,0,0,2
Regular,18422199,Cleilson88,,2025-01-01 17:30:18,",1291,1290,1020,",Verification required,PlayUZU.bet.br,Practice User,0.0,0,0,2
Regular,18426898,andma19,,2025-01-02 09:16:18,",1290,1020,1291,1019,",Verification required,PlayUZU.bet.br,Practice User,0.0,0,0,2
Regular,18429870,lf1991,,2025-01-02 20:28:08,",1020,1290,1291,",Verification required,PlayUZU.bet.br,Practice User,0.0,0,0,2
Regular,18434629,debs1999,,2025-01-03 13:31:40,",1291,1020,1290,",Verification required,PlayUZU.bet.br,Practice User,0.0,0,0,2
Regular,18441862,Dossantos31,,2025-01-04 13:22:45,",1020,1291,1290,1343,",Verification required,PlayUZU.bet.br,Practice User,0.0,0,0,2
Regular,18442985,Ganjos1080,,2025-01-04 17:46:43,",1291,1020,1290,1343,1292,",Verification required,PlayUZU.bet.br,Practice User,0.0,0,0,1
Regular,18424898,Nandarocha,,2025-01-02 00:42:11,",1291,1290,1020,1343,",Verification required,PlayUZU.bet.br,Practice User,0.0,0,0,2
Regular,18425207,alestud244,,2025-01-02 01:35:54,",1291,1290,1020,",Verification required,PlayUZU.bet.br,Practice User,0.0,0,0,2
Regular,18435734,raquel1590,,2025-01-03 17:36:10,",1291,1020,1290,1343,",Verification required,PlayUZU.bet.br,Practice User,0.0,0,0,2
Regular,18437806,Dihsabotage,,2025-01-03 22:50:12,",1020,1291,1290,",Verification required,PlayUZU.bet.br,Practice User,0.0,0,0,2
Regular,18422160,Peres40,,2025-01-01 17:23:10,",1016,1010,1291,1011,1290,1017,1020,1343,",Verification required,PlayUZU.bet.br,Practice User,0.0,0,0,2
Regular,18440809,EDSONoliveir,,2025-01-04 07:24:46,",1020,1292,1291,1290,1343,",Verification required,PlayUZU.bet.br,Practice User,0.0,0,0,1
Regular,18423094,erezuzubr,,2025-01-01 20:02:09,",1291,1290,1020,1019,",Verification required,PlayUZU.bet.br,Practice User,0.0,0,0,2
Regular,18427690,olimar_wud,,2025-01-02 13:54:27,",1020,1291,1290,1343,1019,",Verification required,PlayUZU.bet.br,Practice User,0.0,0,0,2
Regular,18427767,motdal_lo73,,2025-01-02 14:11:09,",1020,1291,1292,1343,1290,1161,",Verification required,PlayUZU.bet.br,Practice User,0.0,0,0,1
Regular,18427668,olimar_,,2025-01-02 13:50:25,",1290,1020,1291,1343,1292,1161,",Verification required,PlayUZU.bet.br,Practice User,0.0,0,0,1
Regular,18436500,wellytania,,2025-01-03 19:52:33,",1291,1020,1290,",Verification required,PlayUZU.bet.br,Practice User,0.0,0,0,2
Regular,18424976,viedie_ii72,,2025-01-02 00:54:02,",1291,1290,1020,",Verification required,PlayUZU.bet.br,Practice User,0.0,0,0,2
Regular,18431155,Diegon04,,2025-01-02 23:23:12,",1020,1292,1290,1343,1291,",Verification required,PlayUZU.bet.br,Practice User,0.0,0,0,1
Regular,18428566,stijef_es26,,2025-01-02 16:57:32,",1010,1017,1011,1290,1291,1020,1012,1016,",Verification required,PlayUZU.bet.br,Practice User,0.0,0,0,2
Regular,18436370,cesdio_di72,,2025-01-03 19:30:36,",1020,1292,1010,1016,1291,1011,1290,1343,1017,",Verification required,PlayUZU.bet.br,Practice User,0.0,0,0,1
Regular,18434622,AndreTortu,,2025-01-03 13:30:44,",1020,1010,1016,1291,1011,1290,1017,1019,",Verification required,PlayUZU.bet.br,Practice User,0.0,0,0,2
Regular,18420926,edubia,,2025-01-01 12:50:46,",1291,1290,1020,",Verification required,PlayUZU.bet.br,Practice User,0.0,0,0,2
Regular,18432269,Valdeirap050,,2025-01-03 02:23:31,",1020,1290,1343,1291,",Verification required,PlayUZU.bet.br,Practice User,0.0,0,0,2
Regular,18422651,Irbr20,,2025-01-01 18:53:39,",1291,1290,1020,1343,",Verification required,PlayUZU.bet.br,Practice User,0.0,0,0,2
Regular,18440739,Michelemizz,,2025-01-04 06:57:45,",1291,1020,1290,",Verification required,PlayUZU.bet.br,Practice User,0.0,0,0,2
Regular,18432634,Cihope30,,2025-01-03 03:35:38,",1290,1291,1343,1020,",Verification required,PlayUZU.bet.br,Practice User,0.0,0,0,2
Regular,18422038,Srta_Luz,,2025-01-01 16:59:34,",1291,1343,1290,1020,",Verification required,PlayUZU.bet.br,Practice User,0.0,0,0,2
Regular,18435753,Marialucia65,,2025-01-03 17:38:49,",1020,1291,1290,1343,",Verification required,PlayUZU.bet.br,Practice User,0.0,0,0,2
Regular,18427806,motdal_da49,,2025-01-02 14:19:12,",1290,1020,1291,1343,1292,1161,",Verification required,PlayUZU.bet.br,Practice User,0.0,0,0,1
Regular,18432157,damjam_jm83,,2025-01-03 02:05:03,",1291,1290,1020,",Verification required,PlayUZU.bet.br,Practice User,0.0,0,0,2
Regular,18431010,daylay_al48,,2025-01-02 23:05:16,",1292,1290,1291,1343,1020,",Verification required,PlayUZU.bet.br,Practice User,0.0,0,0,1
Regular,18427706,mi2601,,2025-01-02 13:58:54,",1020,1291,1290,1343,1292,1019,",Verification required,PlayUZU.bet.br,Practice User,0.0,0,0,1
Regular,18438495,perros_er51,,2025-01-04 00:16:47,",1020,1291,1290,1343,",Verification required,PlayUZU.bet.br,Practice User,0.0,0,0,2
Regular,18434936,2jhon2,,2025-01-03 14:46:03,",1343,1020,1291,1290,",Verification required,PlayUZU.bet.br,Practice User,0.0,0,0,2
Regular,18436550,amabea_ae40,,2025-01-03 19:59:58,",1291,1020,1290,",Verification required,PlayUZU.bet.br,Practice User,0.0,0,0,2
Regular,18427933,Wilson09041,,2025-01-02 14:49:53,",1291,1020,1290,",Verification required,PlayUZU.bet.br,Practice User,0.0,0,0,2
Regular,18427772,motdal_lt07s,,2025-01-02 14:12:49,",1020,1291,1292,1343,1290,1161,",Verification required,PlayUZU.bet.br,Practice User,0.0,0,0,1
Regular,18443528,Reciopaiva09,,2025-01-04 19:20:59,",1020,1291,1290,",Verification required,PlayUZU.bet.br,Practice User,0.0,0,0,2
Regular,18440849,peifab_ab26,,2025-01-04 07:42:33,",1291,1020,1290,",Verification required,PlayUZU.bet.br,Practice User,0.0,0,0,2
Regular,18442661,Geovana92,,2025-01-04 16:39:31,",1343,1020,1291,1290,",Verification required,PlayUZU.bet.br,Practice User,0.0,0,0,2
Regular,18443452,Givaldooo3,,2025-01-04 19:10:25,",1020,1292,1291,1290,1343,",Verification required,PlayUZU.bet.br,Practice User,0.0,0,0,1
Regular,18442305,EriveltonR17,,2025-01-04 15:20:01,",1343,1020,1291,1290,",Verification required,PlayUZU.bet.br,Practice User,0.0,0,0,2
Regular,18435117,fertia_af99t,,2025-01-03 15:22:44,",1291,1020,1290,",Verification required,PlayUZU.bet.br,Practice User,0.0,0,0,2
Regular,18428267,Bezerra0,,2025-01-02 15:58:34,",1290,1291,1020,",Verification required,PlayUZU.bet.br,Practice User,0.0,0,0,2
Regular,18422252,Poseidontv,,2025-01-01 17:40:23,",1291,1290,1020,1343,",Verification required,PlayUZU.bet.br,Practice User,0.0,0,0,2
Regular,18423249,Milenaose,,2025-01-01 20:22:03,",1291,1290,1020,1343,",Verification required,PlayUZU.bet.br,Practice User,0.0,0,0,2
Regular,18424802,vasdio_dv50,,2025-01-02 00:23:38,",1291,1343,1290,1020,",Verification required,PlayUZU.bet.br,Practice User,0.0,0,0,2
Regular,18434333,marvan43,,2025-01-03 12:03:09,",1291,1020,1290,1343,1292,",Verification required,PlayUZU.bet.br,Practice User,0.0,0,0,1
Regular,18428722,naldo8050,,2025-01-02 17:30:44,",1291,1290,1020,1343,",Verification required,PlayUZU.bet.br,Practice User,0.0,0,0,2
Regular,18434941,Wesleyysanto,,2025-01-03 14:47:26,",1020,1291,1290,",Verification required,PlayUZU.bet.br,Practice User,0.0,0,0,2
Regular,18428492,toljos_oj31,,2025-01-02 16:41:31,",1290,1291,1343,1020,",Verification required,PlayUZU.bet.br,Practice User,0.0,0,0,2
Regular,18441836,nene1824,,2025-01-04 13:17:05,",1020,1291,1290,",Verification required,PlayUZU.bet.br,Practice User,0.0,0,0,2
Regular,18438772,kmirob_ri75,,2025-01-04 00:53:22,",1291,1020,1290,",Verification required,PlayUZU.bet.br,Practice User,0.0,0,0,2
Regular,18431562,Maxwillian3,,2025-01-03 00:26:47,",1290,1291,1020,",Verification required,PlayUZU.bet.br,Practice User,0.0,0,0,2
Regular,18424131,Ellenfranco,,2025-01-01 22:37:55,",1291,1290,1020,",Verification required,PlayUZU.bet.br,Practice User,0.0,0,0,2
Regular,18434938,Luanab1456,,2025-01-03 14:46:41,",1020,1291,1290,",Verification required,PlayUZU.bet.br,Practice User,0.0,0,0,2
Regular,18426237,Maju02,,2025-01-02 05:13:58,",1291,1290,1020,1343,",Verification required,PlayUZU.bet.br,Practice User,0.0,0,0,2
Regular,18432275,marand_rm97,,2025-01-03 02:25:09,",1290,1291,1020,",Verification required,PlayUZU.bet.br,Practice User,0.0,0,0,2
Regular,18429474,napa91,,2025-01-02 19:32:47,",1020,1016,1010,1290,1012,1291,1017,1011,",Verification required,PlayUZU.bet.br,Practice User,0.0,0,0,2
Regular,18435119,Luhcris4544,,2025-01-03 15:23:14,",1020,1292,1291,1290,1343,",Verification required,PlayUZU.bet.br,Practice User,0.0,0,0,1
Regular,18438958,ricand_ra86,,2025-01-04 01:24:38,",1291,1020,1290,1343,",Verification required,PlayUZU.bet.br,Practice User,0.0,0,0,2
Regular,18422556,Adhrianaa,,2025-01-01 18:35:57,",1291,1290,1020,1343,",Verification required,PlayUZU.bet.br,Practice User,0.0,0,0,2
Regular,18427374,6013vitorio,,2025-01-02 12:17:14,",1290,1020,1291,1343,",Verification required,PlayUZU.bet.br,Practice User,0.0,0,0,2
Regular,18440282,Prdrof,,2025-01-04 05:00:55,",1291,1020,1290,1343,1292,",Verification required,PlayUZU.bet.br,Practice User,0.0,0,0,1
Regular,18425859,Denyze24,,2025-01-02 03:41:06,",1291,1290,1020,",Verification required,PlayUZU.bet.br,Practice User,0.0,0,0,2
Regular,18420365,Pamela2233,,2025-01-01 09:54:14,",1290,1343,1020,1291,",Verification required,PlayUZU.bet.br,Practice User,0.0,0,0,2
Regular,18433064,Wellingto18,,2025-01-03 05:03:35,",1290,1291,1343,1020,",Verification required,PlayUZU.bet.br,Practice User,0.0,0,0,2
Regular,18423955,Milamil2,,2025-01-01 22:10:11,",1291,1290,1292,1020,1343,",Verification required,PlayUZU.bet.br,Practice User,0.0,0,0,1
Regular,18422274,Jeff_odexter,,2025-01-01 17:43:53,",1291,1290,1020,",Verification required,PlayUZU.bet.br,Practice User,0.0,0,0,2
Regular,18431163,Ally2surf,,2025-01-02 23:24:37,",1020,1290,1291,",Verification required,PlayUZU.bet.br,Practice User,0.0,0,0,2
Regular,18428477,raffel_fe77,,2025-01-02 16:38:55,",1020,1016,1010,1290,1012,1291,1017,",Verification required,PlayUZU.bet.br,Practice User,0.0,0,0,2
Regular,18438170,gradei_ed91,,2025-01-03 23:35:42,",1291,1020,1290,1343,",Verification required,PlayUZU.bet.br,Practice User,0.0,0,0,2
Regular,18427934,Geylson1,,2025-01-02 14:50:08,",1291,1290,1020,1343,",Verification required,PlayUZU.bet.br,Practice User,0.0,0,0,2
Regular,18420507,Nonok2025,,2025-01-01 10:41:41,",1290,1020,1291,",Verification required,PlayUZU.bet.br,Practice User,0.0,0,0,2
Regular,18434285,macmar_am89,,2025-01-03 11:49:41,",1020,1291,1290,",Verification required,PlayUZU.bet.br,Practice User,0.0,0,0,2
Regular,18421164,Rafamso17079,,2025-01-01 13:55:23,",1291,1290,1020,1343,",Verification required,PlayUZU.bet.br,Practice User,0.0,0,0,2
Regular,18420597,Anannias_,,2025-01-01 11:12:34,",1291,1290,1020,",Verification required,PlayUZU.bet.br,Practice User,0.0,0,0,2
Regular,18426508,Vandy38,,2025-01-02 06:34:06,",1292,1291,1343,1290,1020,",Verification required,PlayUZU.bet.br,Practice User,0.0,0,0,1
Regular,18432159,Dadakaue,,2025-01-03 02:05:19,",1290,1291,1020,",Verification required,PlayUZU.bet.br,Practice User,0.0,0,0,2
Regular,18420870,Claytinho51,,2025-01-01 12:34:52,",1291,1290,1020,1343,",Verification required,PlayUZU.bet.br,Practice User,0.0,0,0,2
Regular,18427651,olekstest252,,2025-01-02 13:46:20,",1290,1291,1020,",Verification required,PlayUZU.bet.br,Practice User,0.0,0,0,2
Regular,18421022,Camaleao2026,,2025-01-01 13:16:46,",1291,1290,1292,1020,1343,",Verification required,PlayUZU.bet.br,Practice User,0.0,0,0,1
Regular,18422448,Andy_002,,2025-01-01 18:13:24,",1291,1343,1290,1020,",Verification required,PlayUZU.bet.br,Practice User,0.0,0,0,2
Regular,18433886,Joaomarcos15,,2025-01-03 09:20:40,",1291,1020,1290,1326,",Verification required,PlayUZU.bet.br,Practice User,0.0,0,0,2
Regular,18421005,Sematri,,2025-01-01 13:12:54,",1291,1290,1020,1343,",Verification required,PlayUZU.bet.br,Practice User,0.0,0,0,2
Regular,18422494,Nasc_mento,,2025-01-01 18:23:20,",1291,1290,1020,",Verification required,BacanaPlay.bet.br,Practice User,0.0,0,0,2
Regular,18439241,Marezzia94,,2025-01-04 02:08:13,",1291,1020,1290,",Verification required,BacanaPlay.bet.br,Practice User,0.0,0,0,2
Regular,18423464,silluc_ls91,,2025-01-01 20:53:15,",1016,1010,1291,1011,1290,1017,1020,",Verification required,BacanaPlay.bet.br,Practice User,0.0,0,0,2
Regular,18425938,Jefthan,,2025-01-02 03:58:14,",1291,1290,1020,1343,",Verification required,BacanaPlay.bet.br,Practice User,0.0,0,0,2
Regular,18438185,Binho-762,,2025-01-03 23:37:35,",1291,1020,1290,1343,",Verification required,BacanaPlay.bet.br,Practice User,0.0,0,0,2
Regular,18435532,deividgomes7,,2025-01-03 16:57:22,",1343,1020,1291,1290,",Verification required,BacanaPlay.bet.br,Practice User,0.0,0,0,2
Regular,18443775,Rodrigobobs,,2025-01-04 19:55:24,",1020,1291,1290,",Verification required,BacanaPlay.bet.br,Practice User,0.0,0,0,2
Regular,18428826,fergui_ru13,,2025-01-02 17:51:25,",1290,1291,1020,",Verification required,BacanaPlay.bet.br,Practice User,0.0,0,0,2
Regular,18441129,Rafasorte,,2025-01-04 09:24:06,",1020,1292,1291,1290,1343,",Verification required,BacanaPlay.bet.br,Practice User,0.0,0,0,1
Regular,18438216,jeanfofo,,2025-01-03 23:40:58,",1020,1291,1290,1343,",Verification required,BacanaPlay.bet.br,Practice User,0.0,0,0,2
Regular,18424457,Vitorh0612,,2025-01-01 23:29:22,",1291,1290,1020,",Verification required,BacanaPlay.bet.br,Practice User,0.0,0,0,2
Regular,18424921,Silgmk,,2025-01-02 00:46:51,",1291,1290,1020,",Verification required,BacanaPlay.bet.br,Practice User,0.0,0,0,2
Regular,18428742,gableo_ga23,,2025-01-02 17:34:32,",1010,1017,1011,1290,1291,1020,1012,1016,",Verification required,BacanaPlay.bet.br,Practice User,0.0,0,0,2
Regular,18440678,tougui_ou85,,2025-01-04 06:38:46,",1343,1020,1011,1016,1012,1291,1290,1017,1010,",Verification required,BacanaPlay.bet.br,Practice User,0.0,0,0,2
Regular,18430741,padlis_sl52,,2025-01-02 22:30:20,",1291,1290,1020,",Verification required,BacanaPlay.bet.br,Practice User,0.0,0,0,2
Regular,18442227,Letymatias24,,2025-01-04 14:57:56,",1020,1291,1290,",Verification required,BacanaPlay.bet.br,Practice User,0.0,0,0,2
Regular,18436317,wellytanias2,,2025-01-03 19:23:26,",1020,1291,1290,",Verification required,BacanaPlay.bet.br,Practice User,0.0,0,0,2
Regular,18426543,Mauracurtolo,,2025-01-02 06:44:35,",1291,1290,1020,1343,",Verification required,BacanaPlay.bet.br,Practice User,0.0,0,0,2
Regular,18429680,Rosa3812,,2025-01-02 20:00:33,",1020,1290,1343,1291,",Verification required,BacanaPlay.bet.br,Practice User,0.0,0,0,2
Regular,18431075,Tedmax0909,,2025-01-02 23:12:47,",1020,1292,1290,1343,1291,",Verification required,BacanaPlay.bet.br,Practice User,0.0,0,0,1
Regular,18430880,fezaterka18,,2025-01-02 22:48:44,",1020,1016,1010,1290,1012,1291,1017,1011,",Verification required,BacanaPlay.bet.br,Practice User,0.0,0,0,2
Regular,18425359,divo13mag,,2025-01-02 02:05:31,",1291,1343,1290,1020,",Verification required,BacanaPlay.bet.br,Practice User,0.0,0,0,2
Regular,18425455,mirana_ma97,,2025-01-02 02:21:22,",1291,1290,1020,",Verification required,BacanaPlay.bet.br,Practice User,0.0,0,0,2
Regular,18441451,Everton743,,2025-01-04 11:09:48,",1291,1020,1290,",Verification required,BacanaPlay.bet.br,Practice User,0.0,0,0,2
Regular,18441897,rasmussen_77,,2025-01-04 13:30:53,",1020,1291,1290,",Verification required,BacanaPlay.bet.br,Practice User,0.0,0,0,2
Regular,18443207,rodita_ar43,,2025-01-04 18:27:31,",1020,1012,1010,1016,1291,1011,1290,1017,",Verification required,BacanaPlay.bet.br,Practice User,0.0,0,0,2
Regular,18427609,Genavamp23,,2025-01-02 13:36:54,",1020,1291,1292,1343,1290,",Verification required,BacanaPlay.bet.br,Practice User,0.0,0,0,1
Regular,18421515,andden_nn20,,2025-01-01 15:12:05,",1291,1290,1020,1343,",Verification required,BacanaPlay.bet.br,Practice User,0.0,0,0,2
Regular,18438262,azefer_zf22,,2025-01-03 23:47:06,",1020,1291,1290,",Verification required,BacanaPlay.bet.br,Practice User,0.0,0,0,2
Regular,18440807,cosdan_sd47,,2025-01-04 07:24:41,",1343,1020,1291,1290,",Verification required,BacanaPlay.bet.br,Practice User,0.0,0,0,2
Regular,18426000,Shirleyfatim,,2025-01-02 04:14:45,",1291,1290,1020,",Verification required,BacanaPlay.bet.br,Practice User,0.0,0,0,2
Regular,18436683,pollycamp,,2025-01-03 20:21:03,",1020,1291,1290,1019,",Verification required,BacanaPlay.bet.br,Practice User,0.0,0,0,2
Regular,18438612,Paty4671,,2025-01-04 00:32:49,",1291,1020,1290,",Verification required,BacanaPlay.bet.br,Practice User,0.0,0,0,2
Regular,18433925,Jhonnyvanda0,,2025-01-03 09:35:26,",1291,1016,1017,1020,1290,1011,1010,",Verification required,BacanaPlay.bet.br,Practice User,0.0,0,0,2
Regular,18427304,segdan_ds82,,2025-01-02 11:56:41,",1020,1291,1290,1019,",Verification required,BacanaPlay.bet.br,Practice User,0.0,0,0,2
Regular,18431350,Wesleyr95,,2025-01-02 23:52:58,",1291,1290,1020,1343,",Verification required,BacanaPlay.bet.br,Practice User,0.0,0,0,2
Regular,18443246,Gaby2006,,2025-01-04 18:35:15,",1020,1291,1290,1343,",Verification required,BacanaPlay.bet.br,Practice User,0.0,0,0,2
Regular,18424831,fernandofora,,2025-01-02 00:29:23,",1291,1290,1020,",Verification required,BacanaPlay.bet.br,Practice User,0.0,0,0,2
Regular,18420755,vazadr_rd49,,2025-01-01 11:59:15,",1292,1291,1343,1290,1020,",Verification required,BacanaPlay.bet.br,Practice User,0.0,0,0,1
Regular,18425198,carlui_ru14,,2025-01-02 01:35:13,",1291,1343,1290,1020,",Verification required,BacanaPlay.bet.br,Practice User,0.0,0,0,2
Regular,18421892,Barbosasc1,,2025-01-01 16:29:29,",1291,1290,1020,",Verification required,BacanaPlay.bet.br,Practice User,0.0,0,0,2
Regular,18422899,Carla2609,,2025-01-01 19:32:48,",1016,1010,1291,1011,1290,1017,1020,1343,",Verification required,BacanaPlay.bet.br,Practice User,0.0,0,0,2
Regular,18423402,Nadia4040,,2025-01-01 20:43:13,",1292,1291,1343,1290,1020,",Verification required,BacanaPlay.bet.br,Practice User,0.0,0,0,1
Regular,18422367,Danilomecan,,2025-01-01 18:00:24,",1291,1290,1020,1343,",Verification required,BacanaPlay.bet.br,Practice User,0.0,0,0,2
Regular,18430499,Zezost,,2025-01-02 21:58:24,",1291,1290,1020,1292,1343,",Verification required,BacanaPlay.bet.br,Practice User,0.0,0,0,1
Regular,18431551,Rp123456,,2025-01-03 00:23:59,",1020,1292,1290,1343,1291,",Verification required,BacanaPlay.bet.br,Practice User,0.0,0,0,1
Regular,18424924,pedeve_de48,,2025-01-02 00:47:13,",1291,1290,1020,",Verification required,BacanaPlay.bet.br,Practice User,0.0,0,0,2
Regular,18430431,Carv7416,,2025-01-02 21:50:05,",1291,1290,1020,",Verification required,BacanaPlay.bet.br,Practice User,0.0,0,0,2
Regular,18431591,Moniad,,2025-01-03 00:32:52,",1020,1016,1010,1290,1012,1291,1017,1011,",Verification required,BacanaPlay.bet.br,Practice User,0.0,0,0,2
Regular,18432120,Beatrysfr,,2025-01-03 01:57:18,",1290,1291,1020,",Verification required,BacanaPlay.bet.br,Practice User,0.0,0,0,2
Regular,18441001,Rosalina73,,2025-01-04 08:33:57,",1020,1291,1290,1343,",Verification required,BacanaPlay.bet.br,Practice User,0.0,0,0,2
Regular,18421283,olibre_or38,,2025-01-01 14:21:15,",1291,1290,1020,1343,",Verification required,BacanaPlay.bet.br,Practice User,0.0,0,0,2
Regular,18424656,lgpaschoal25,,2025-01-02 00:00:42,",1291,1290,1020,",Verification required,BacanaPlay.bet.br,Practice User,0.0,0,0,2
Regular,18436030,Ceni03,,2025-01-03 18:30:39,",1020,1291,1290,",Verification required,BacanaPlay.bet.br,Practice User,0.0,0,0,2
Regular,18421554,cosval_sl64,,2025-01-01 15:19:46,",1016,1010,1291,1011,1290,1017,1020,1210,",Verification required,BacanaPlay.bet.br,Practice User,0.0,0,0,2
Regular,18435170,fergus_sg37,,2025-01-03 15:35:00,",1291,1020,1290,1343,",Verification required,BacanaPlay.bet.br,Practice User,0.0,0,0,2
Regular,18435859,vinepereira,,2025-01-03 17:57:21,",1291,1012,1016,1017,1020,1290,1011,1010,",Verification required,BacanaPlay.bet.br,Practice User,0.0,0,0,2
Regular,18439542,eliant_lt06,,2025-01-04 02:48:27,",1291,1016,1017,1020,1290,1343,1011,1010,1292,",Verification required,BacanaPlay.bet.br,Practice User,0.0,0,0,1
Regular,18428547,Ajessicam_,,2025-01-02 16:54:07,",1020,1290,1291,",Verification required,BacanaPlay.bet.br,Practice User,0.0,0,0,2
Regular,18432691,carseb_cr39,,2025-01-03 03:46:32,",1290,1291,1020,",Verification required,BacanaPlay.bet.br,Practice User,0.0,0,0,2
Regular,18438312,chrmic_mc54,,2025-01-03 23:52:04,",1291,1012,1016,1017,1020,1290,1011,1010,",Verification required,BacanaPlay.bet.br,Practice User,0.0,0,0,2
Regular,18428030,Emendes,,2025-01-02 15:10:26,",1011,1016,1017,1291,1010,1290,1020,1343,",Verification required,BacanaPlay.bet.br,Practice User,0.0,0,0,2
Regular,18442808,badbaruk,,2025-01-04 17:12:29,",1343,1292,1020,1291,1290,",Verification required,BacanaPlay.bet.br,Practice User,0.0,0,0,1
Regular,18423146,Margaret_67,,2025-01-01 20:09:44,",1291,1290,1020,1343,",Verification required,BacanaPlay.bet.br,Practice User,0.0,0,0,2
Regular,18422332,Thomps1993,,2025-01-01 17:54:50,",1291,1290,1020,",Verification required,BacanaPlay.bet.br,Practice User,0.0,0,0,2
Regular,18421015,Bielcdee,,2025-01-01 13:15:33,",1291,1290,1020,",Verification required,BacanaPlay.bet.br,Practice User,0.0,0,0,2
Regular,18421008,bariva_vr01,,2025-01-01 13:13:43,",1291,1290,1020,",Verification required,BacanaPlay.bet.br,Practice User,0.0,0,0,2
Regular,18421197,Bacanacicero,,2025-01-01 14:03:15,",1291,1290,1020,",Verification required,BacanaPlay.bet.br,Practice User,0.0,0,0,2
Regular,18423746,guerod_ur01,,2025-01-01 21:37:02,",1291,1343,1290,1020,",Verification required,BacanaPlay.bet.br,Practice User,0.0,0,0,2
Regular,18434578,apacri_ia80,,2025-01-03 13:19:07,",1343,1292,1020,1291,1290,",Verification required,BacanaPlay.bet.br,Practice User,0.0,0,0,1
Regular,18436059,mariafaria61,,2025-01-03 18:37:01,",1291,1020,1290,1343,",Verification required,BacanaPlay.bet.br,Practice User,0.0,0,0,2
Regular,18427328,diadio_ii95,,2025-01-02 12:05:07,",1010,1016,1012,1020,1291,1017,1290,1343,",Verification required,BacanaPlay.bet.br,Practice User,0.0,0,0,2
Regular,18429585,denisson77,,2025-01-02 19:48:20,",1016,1011,1017,1291,1290,1010,1020,",Verification required,BacanaPlay.bet.br,Practice User,0.0,0,0,2
Regular,18436679,edugui_ig08,,2025-01-03 20:20:43,",1020,1291,1290,",Verification required,BacanaPlay.bet.br,Practice User,0.0,0,0,2
Regular,18439103,marjos_mr31,,2025-01-04 01:47:07,",1020,1291,1290,1343,",Verification required,BacanaPlay.bet.br,Practice User,0.0,0,0,2
Regular,18430041,fraros_af23,,2025-01-02 20:51:59,",1290,1291,1343,1020,",Verification required,BacanaPlay.bet.br,Practice User,0.0,0,0,2
Regular,18424171,jacare1971,,2025-01-01 22:45:54,",1291,1290,1020,",Verification required,BacanaPlay.bet.br,Practice User,0.0,0,0,2
Regular,18438009,Thiago707070,,2025-01-03 23:16:01,",1020,1291,1290,1343,",Verification required,BacanaPlay.bet.br,Practice User,0.0,0,0,2
Regular,18423261,lopkem_om37,,2025-01-01 20:24:35,",1291,1010,1011,1016,1290,1020,1343,1017,",Verification required,BacanaPlay.bet.br,Practice User,0.0,0,0,2
Regular,18428601,ortale_et56,,2025-01-02 17:04:45,",1010,1017,1011,1292,1290,1291,1343,1020,1012,1016,",Verification required,BacanaPlay.bet.br,Practice User,0.0,0,0,1
Regular,18422660,vieluc_iu69,,2025-01-01 18:54:51,",1292,1291,1343,1290,1020,",Verification required,BacanaPlay.bet.br,Practice User,0.0,0,0,1
Regular,18422413,Geannlt,,2025-01-01 18:06:40,",1291,1290,1020,",Verification required,BacanaPlay.bet.br,Practice User,0.0,0,0,2
Regular,18439299,Coringa666,,2025-01-04 02:16:11,",1020,1291,1290,1343,",Verification required,BacanaPlay.bet.br,Practice User,0.0,0,0,2
Regular,18433228,murrob_ur08,,2025-01-03 05:41:13,",1290,1291,1343,1020,",Verification required,BacanaPlay.bet.br,Practice User,0.0,0,0,2
Regular,18433384,Hernandes09,,2025-01-03 06:29:20,",1020,1290,1291,",Verification required,BacanaPlay.bet.br,Practice User,0.0,0,0,2
Regular,18421672,Angell51,,2025-01-01 15:47:03,",1291,1290,1020,1343,",Verification required,BacanaPlay.bet.br,Practice User,0.0,0,0,2
Regular,18421725,liglue_li59,,2025-01-01 15:57:18,",1291,1290,1292,1020,1343,",Verification required,BacanaPlay.bet.br,Practice User,0.0,0,0,1
Regular,18423365,chimai_mc91,,2025-01-01 20:38:53,",1291,1290,1020,1343,",Verification required,BacanaPlay.bet.br,Practice User,0.0,0,0,2
Regular,18424437,Rosangela40,,2025-01-01 23:27:24,",1291,1290,1292,1020,1343,",Verification required,BacanaPlay.bet.br,Practice User,0.0,0,0,1
Regular,18435399,Minhajuju321,,2025-01-03 16:25:25,",1343,1292,1020,1291,1290,1210,",Verification required,BacanaPlay.bet.br,Practice User,0.0,0,0,1
Regular,18438187,carjos_rc37,,2025-01-03 23:37:41,",1291,1020,1290,1343,",Verification required,BacanaPlay.bet.br,Practice User,0.0,0,0,2
Regular,18441939,Bicodoce,,2025-01-04 13:41:02,",1291,1020,1290,",Verification required,BacanaPlay.bet.br,Practice User,0.0,0,0,2
Regular,18436064,jornel,,2025-01-03 18:38:00,",1020,1291,1290,",Verification required,BacanaPlay.bet.br,Practice User,0.0,0,0,2
Regular,18423307,Rgmrg1357,,2025-01-01 20:31:04,",1291,1290,1020,1343,",Verification required,BacanaPlay.bet.br,Practice User,0.0,0,0,2
Regular,18423616,braisa_aa91,,2025-01-01 21:15:54,",1291,1010,1011,1016,1290,1020,1017,",Verification required,BacanaPlay.bet.br,Practice User,0.0,0,0,2
Regular,18429111,Saraassumpca,,2025-01-02 18:37:43,",1290,1291,1020,",Verification required,BacanaPlay.bet.br,Practice User,0.0,0,0,2
Regular,18424789,nogjos_gg92,,2025-01-02 00:21:21,",1292,1291,1290,1020,1343,",Verification required,BacanaPlay.bet.br,Practice User,0.0,0,0,1
Regular,18432441,tatsil_si22,,2025-01-03 02:55:37,",1291,1290,1020,1292,1343,",Verification required,BacanaPlay.bet.br,Practice User,0.0,0,0,1
Regular,18432480,dorjos_ds60,,2025-01-03 03:03:31,",1290,1291,1343,1020,",Verification required,BacanaPlay.bet.br,Practice User,0.0,0,0,2
Regular,18432808,Diemarcos,,2025-01-03 04:12:11,",1010,1017,1011,1290,1291,1020,1012,1016,",Verification required,BacanaPlay.bet.br,Practice User,0.0,0,0,2
Regular,18432068,JoseCelso79,,2025-01-03 01:48:50,",1290,1291,1020,",Verification required,BacanaPlay.bet.br,Practice User,0.0,0,0,2
Regular,18434896,Cleiton99,,2025-01-03 14:34:51,",1020,1012,1010,1016,1291,1011,1290,1343,1017,",Verification required,BacanaPlay.bet.br,Practice User,0.0,0,0,2
Regular,18442371,Nvs077,,2025-01-04 15:35:59,",1343,1020,1291,1290,",Verification required,BacanaPlay.bet.br,Practice User,0.0,0,0,2
Regular,18438775,dudolino,,2025-01-04 00:53:38,",1020,1291,1290,",Verification required,BacanaPlay.bet.br,Practice User,0.0,0,0,2
Regular,18438726,JeerfMalone,,2025-01-04 00:48:00,",1291,1020,1290,",Verification required,BacanaPlay.bet.br,Practice User,0.0,0,0,2
Regular,18441635,henluc_uu66,,2025-01-04 12:05:23,",1291,1020,1290,1343,1292,",Verification required,BacanaPlay.bet.br,Practice User,0.0,0,0,1
Regular,18421311,franciscofar,,2025-01-01 14:26:19,",1291,1290,1020,1343,",Verification required,BacanaPlay.bet.br,Practice User,0.0,0,0,2
Regular,18423901,ferraf_er81,,2025-01-01 22:01:52,",1291,1343,1290,1020,",Verification required,BacanaPlay.bet.br,Practice User,0.0,0,0,2
Regular,18423200,Harley19899,,2025-01-01 20:16:28,",1016,1012,1010,1291,1011,1290,1017,1020,1343,",Verification required,BacanaPlay.bet.br,Practice User,0.0,0,0,2
Regular,18438585,frethi_ii44,,2025-01-04 00:29:37,",1020,1291,1290,1343,",Verification required,BacanaPlay.bet.br,Practice User,0.0,0,0,2
Regular,18432954,henlui_nh26,,2025-01-03 04:40:32,",1291,1290,1020,1343,",Verification required,BacanaPlay.bet.br,Practice User,0.0,0,0,2
Regular,18421972,andedfisic1,,2025-01-01 16:47:58,",1010,1016,1291,1011,1017,1343,1290,1020,",Verification required,BacanaPlay.bet.br,Practice User,0.0,0,0,2
Regular,18438607,Amandajupeti,,2025-01-04 00:31:50,",1020,1291,1290,1343,",Verification required,BacanaPlay.bet.br,Practice User,0.0,0,0,2
Regular,18423703,dorluc_du43w,,2025-01-01 21:29:32,",1291,1290,1020,",Verification required,BacanaPlay.bet.br,Practice User,0.0,0,0,2
Regular,18439653,perale_ea40,,2025-01-04 03:05:29,",1020,1012,1292,1010,1016,1291,1011,1290,1343,1017,",Verification required,BacanaPlay.bet.br,Practice User,0.0,0,0,1
Regular,18421597,moredu_mo27,,2025-01-01 15:28:35,",1291,1010,1012,1016,1290,1020,1017,",Verification required,BacanaPlay.bet.br,Practice User,0.0,0,0,2
Regular,18440170,Rhuan1313,,2025-01-04 04:35:59,",1020,1291,1290,",Verification required,BacanaPlay.bet.br,Practice User,0.0,0,0,2
Regular,18422624,Marcoslkk,,2025-01-01 18:48:48,",1291,1290,1020,1343,",Verification required,BacanaPlay.bet.br,Practice User,0.0,0,0,2
Regular,18422571,ALSILVA,,2025-01-01 18:39:00,",1291,1290,1020,",Verification required,BacanaPlay.bet.br,Practice User,0.0,0,0,2
Regular,18431835,ribadi_ri44,,2025-01-03 01:10:13,",1290,1291,1343,1020,",Verification required,BacanaPlay.bet.br,Practice User,0.0,0,0,2
Regular,18431152,sormon_rm82,,2025-01-02 23:22:52,",1020,1290,1343,1291,",Verification required,BacanaPlay.bet.br,Practice User,0.0,0,0,2
Regular,18432038,Romaria2,,2025-01-03 01:43:42,",1017,1011,1290,1291,1020,1012,1016,",Verification required,BacanaPlay.bet.br,Practice User,0.0,0,0,2
Regular,18426208,mencelso2024,,2025-01-02 05:04:11,",1291,1290,1020,",Verification required,BacanaPlay.bet.br,Practice User,0.0,0,0,2
Regular,18431859,barfab_ba41,,2025-01-03 01:13:17,",1290,1291,1343,1020,",Verification required,BacanaPlay.bet.br,Practice User,0.0,0,0,2
Regular,18428347,Napa2025,,2025-01-02 16:10:50,",1016,1017,1291,1290,1010,1012,1020,1343,",Verification required,BacanaPlay.bet.br,Practice User,0.0,0,0,2
Regular,18436524,josone_jo22,,2025-01-03 19:55:01,",1020,1291,1290,",Verification required,BacanaPlay.bet.br,Practice User,0.0,0,0,2
Regular,18440640,Tetts1,,2025-01-04 06:26:20,",1343,1020,1291,1290,",Verification required,BacanaPlay.bet.br,Practice User,0.0,0,0,2
Regular,18434718,edivalter,,2025-01-03 13:53:10,",1020,1291,1290,",Verification required,BacanaPlay.bet.br,Practice User,0.0,0,0,2
Regular,18437198,Edileuzapera,,2025-01-03 21:33:32,",1020,1291,1290,",Verification required,BacanaPlay.bet.br,Practice User,0.0,0,0,2
Regular,18434033,rilza1234,,2025-01-03 10:24:02,",1020,1291,1290,1343,",Verification required,BacanaPlay.bet.br,Practice User,0.0,0,0,2
Regular,18442105,flaviodarosa,,2025-01-04 14:25:34,",1343,1020,1291,1290,",Verification required,BacanaPlay.bet.br,Practice User,0.0,0,0,2
Regular,18442943,rodraf_ra99,,2025-01-04 17:39:57,",1020,1291,1290,",Verification required,BacanaPlay.bet.br,Practice User,0.0,0,0,2
Regular,18442960,Rcampos,,2025-01-04 17:43:34,",1020,1291,1290,1343,",Verification required,BacanaPlay.bet.br,Practice User,0.0,0,0,2
Regular,18432787,Eallace10395,,2025-01-03 04:07:33,",1291,1290,1020,1343,",Verification required,BacanaPlay.bet.br,Practice User,0.0,0,0,2
Regular,18436039,lopesaz_1,,2025-01-03 18:32:23,",1291,1020,1290,1343,",Verification required,BacanaPlay.bet.br,Practice User,0.0,0,0,2
Regular,18439784,Rdc157121,,2025-01-04 03:29:08,",1020,1292,1291,1290,1343,",Verification required,BacanaPlay.bet.br,Practice User,0.0,0,0,1
Regular,18421372,almand_ma81,,2025-01-01 14:41:15,",1291,1290,1020,",Verification required,BacanaPlay.bet.br,Practice User,0.0,0,0,2
Regular,18443012,gerali_gr31,,2025-01-04 17:51:48,",1020,1291,1290,",Verification required,BacanaPlay.bet.br,Practice User,0.0,0,0,2
Regular,18438474,Geralda123,,2025-01-04 00:14:56,",1343,1020,1291,1290,",Verification required,BacanaPlay.bet.br,Practice User,0.0,0,0,2
Regular,18427290,gonjaq_qn81,,2025-01-02 11:51:15,",1290,1020,1291,",Verification required,BacanaPlay.bet.br,Practice User,0.0,0,0,2
Regular,18429850,Diddikjhy98,,2025-01-02 20:24:04,",1020,1290,1291,",Verification required,BacanaPlay.bet.br,Practice User,0.0,0,0,2
Regular,18430710,doskez_de99,,2025-01-02 22:28:04,",1291,1290,1020,",Verification required,BacanaPlay.bet.br,Practice User,0.0,0,0,2
Regular,18423005,joselt_ej92,,2025-01-01 19:50:18,",1292,1291,1290,1020,1343,",Verification required,BacanaPlay.bet.br,Practice User,0.0,0,0,1
Regular,18431647,Lames12qw,,2025-01-03 00:40:49,",1290,1291,1343,1020,",Verification required,BacanaPlay.bet.br,Practice User,0.0,0,0,2
Regular,18435274,Valtex5,,2025-01-03 16:01:20,",1020,1291,1290,1343,",Verification required,BacanaPlay.bet.br,Practice User,0.0,0,0,2
Regular,18441661,alvadr_aa90,,2025-01-04 12:16:24,",1020,1292,1291,1290,1343,",Verification required,BacanaPlay.bet.br,Practice User,0.0,0,0,1
Regular,18432026,Sanville,,2025-01-03 01:41:23,",1020,1290,1343,1291,",Verification required,BacanaPlay.bet.br,Practice User,0.0,0,0,2
Regular,18436442,Berto57,,2025-01-03 19:43:04,",1020,1012,1010,1016,1291,1011,1290,1343,1017,",Verification required,BacanaPlay.bet.br,Practice User,0.0,0,0,2
Regular,18443442,Pedrolsjr,,2025-01-04 19:08:00,",1020,1291,1290,1343,",Verification required,BacanaPlay.bet.br,Practice User,0.0,0,0,2
Regular,18430881,luan017,,2025-01-02 22:48:49,",1290,1291,1020,",Verification required,BacanaPlay.bet.br,Practice User,0.0,0,0,2
Regular,18439220,cescar_ss70,,2025-01-04 02:05:52,",1343,1020,1291,1290,",Verification required,BacanaPlay.bet.br,Practice User,0.0,0,0,2
Regular,18431725,eliade_eee22,,2025-01-03 00:54:21,",1020,1290,1343,1291,",Verification required,BacanaPlay.bet.br,Practice User,0.0,0,0,2
Regular,18435191,Lefreitasss,,2025-01-03 15:39:49,",1291,1020,1290,",Verification required,BacanaPlay.bet.br,Practice User,0.0,0,0,2
Regular,18438906,Jair52,,2025-01-04 01:16:07,",1020,1291,1290,1210,",Verification required,BacanaPlay.bet.br,Practice User,0.0,0,0,2
Regular,18424453,Correados78,,2025-01-01 23:29:06,",1292,1291,1290,1020,1343,",Verification required,BacanaPlay.bet.br,Practice User,0.0,0,0,1
Regular,18424241,Marciapda24,,2025-01-01 22:56:01,",1291,1290,1020,",Verification required,BacanaPlay.bet.br,Practice User,0.0,0,0,2
Regular,18439643,ramaux_ru96,,2025-01-04 03:02:59,",1020,1291,1290,1019,",Verification required,BacanaPlay.bet.br,Practice User,0.0,0,0,2
Regular,18438624,perluc_cr57,,2025-01-04 00:34:41,",1343,1020,1291,1290,",Verification required,BacanaPlay.bet.br,Practice User,0.0,0,0,2
Regular,18440191,Edinho987154,,2025-01-04 04:40:58,",1020,1291,1290,",Verification required,BacanaPlay.bet.br,Practice User,0.0,0,0,2
Regular,18436936,batdie_ed39,,2025-01-03 21:01:41,",1291,1020,1290,1343,",Verification required,BacanaPlay.bet.br,Practice User,0.0,0,0,2
Regular,18426029,23tata23,,2025-01-02 04:22:01,",1291,1343,1290,1020,",Verification required,BacanaPlay.bet.br,Practice User,0.0,0,0,2
Regular,18428644,pirwil_ir57,,2025-01-02 17:14:32,",1020,1290,1291,",Verification required,BacanaPlay.bet.br,Practice User,0.0,0,0,2
Regular,18438598,Debora29dini,,2025-01-04 00:30:57,",1020,1012,1010,1016,1291,1290,1343,1017,",Verification required,BacanaPlay.bet.br,Practice User,0.0,0,0,2
Regular,18440034,Adriana2611,,2025-01-04 04:09:26,",1291,1020,1290,",Verification required,BacanaPlay.bet.br,Practice User,0.0,0,0,2
Regular,18422139,Jaaniell,,2025-01-01 17:19:35,",1291,1343,1290,1020,",Verification required,BacanaPlay.bet.br,Practice User,0.0,0,0,2
Regular,18426105,Romaildo10,,2025-01-02 04:39:52,",1292,1291,1290,1020,1343,",Verification required,BacanaPlay.bet.br,Practice User,0.0,0,0,1
Regular,18425699,almcas_ms43,,2025-01-02 03:04:29,",1291,1290,1020,",Verification required,BacanaPlay.bet.br,Practice User,0.0,0,0,2
Regular,18424324,Gege2025,,2025-01-01 23:07:27,",1291,1290,1020,",Verification required,BacanaPlay.bet.br,Practice User,0.0,0,0,2
Regular,18425980,Buga20048,,2025-01-02 04:09:29,",1291,1290,1020,1210,",Verification required,BacanaPlay.bet.br,Practice User,0.0,0,0,2
Regular,18436711,cesjai_as64,,2025-01-03 20:24:52,",1291,1020,1290,1343,",Verification required,BacanaPlay.bet.br,Practice User,0.0,0,0,2
Regular,18434704,araval_ra24,,2025-01-03 13:50:06,",1020,1292,1291,1290,1343,",Verification required,BacanaPlay.bet.br,Practice User,0.0,0,0,1
Regular,18428545,rober190787,,2025-01-02 16:53:39,",1290,1291,1343,1020,",Verification required,BacanaPlay.bet.br,Practice User,0.0,0,0,2
Regular,18431250,diadav_ai35,,2025-01-02 23:37:37,",1290,1291,1343,1020,1327,",Verification required,BacanaPlay.bet.br,Practice User,0.0,0,0,2
Regular,18438741,cardie_ca80,,2025-01-04 00:49:40,",1291,1020,1290,1343,",Verification required,BacanaPlay.bet.br,Practice User,0.0,0,0,2
Regular,18439731,erickawdrad0,,2025-01-04 03:18:48,",1020,1291,1290,",Verification required,BacanaPlay.bet.br,Practice User,0.0,0,0,2
Regular,18431357,jaimelima,,2025-01-02 23:54:20,",1291,1290,1020,",Verification required,BacanaPlay.bet.br,Practice User,0.0,0,0,2
Regular,18443450,Veloso777,,2025-01-04 19:09:33,",1291,1020,1290,1343,1292,",Verification required,BacanaPlay.bet.br,Practice User,0.0,0,0,1
Regular,18431201,Adrijose,,2025-01-02 23:29:17,",1290,1291,1020,",Verification required,BacanaPlay.bet.br,Practice User,0.0,0,0,2
Regular,18423806,Mdcosta,,2025-01-01 21:45:27,",1291,1290,1020,1343,",Verification required,BacanaPlay.bet.br,Practice User,0.0,0,0,2
Regular,18434547,Morgmorgn,,2025-01-03 13:07:07,",1020,1291,1290,",Verification required,BacanaPlay.bet.br,Practice User,0.0,0,0,2
Regular,18430210,rodrigocwb84,,2025-01-02 21:18:23,",1290,1291,1343,1020,",Verification required,BacanaPlay.bet.br,Practice User,0.0,0,0,2
Regular,18438777,Deia2104,,2025-01-04 00:54:17,",1020,1292,1291,1290,1343,",Verification required,BacanaPlay.bet.br,Practice User,0.0,0,0,1
Regular,18438931,ricand_ad48,,2025-01-04 01:20:16,",1020,1291,1290,1343,",Verification required,BacanaPlay.bet.br,Practice User,0.0,0,0,2
Regular,18420812,Pjunpau_nu17,,2025-01-01 12:17:07,",1291,1290,1020,1343,",Verification required,BacanaPlay.bet.br,Practice User,0.0,0,0,2
Regular,18420843,gonpat_ng65,,2025-01-01 12:27:05,",1291,1290,1020,1343,",Verification required,BacanaPlay.bet.br,Practice User,0.0,0,0,2
Regular,18427669,eaerayxw,,2025-01-02 13:50:29,",1020,1291,1343,1290,",Verification required,BacanaPlay.bet.br,Practice User,0.0,0,0,2
Regular,18420909,juneur_ju95,,2025-01-01 12:46:56,",1291,1290,1020,1343,1019,",Verification required,BacanaPlay.bet.br,Practice User,0.0,0,0,2
Regular,18434912,Ruberito25,,2025-01-03 14:39:08,",1020,1291,1290,",Verification required,BacanaPlay.bet.br,Practice User,0.0,0,0,2
Regular,18438993,Layslolo14,,2025-01-04 01:29:37,",1020,1291,1290,",Verification required,BacanaPlay.bet.br,Practice User,0.0,0,0,2
Regular,18432251,Africanos11,,2025-01-03 02:19:57,",1292,1290,1291,1343,1020,",Verification required,BacanaPlay.bet.br,Practice User,0.0,0,0,1
Regular,18425354,gosti80,,2025-01-02 02:04:12,",1291,1343,1290,1020,",Verification required,BacanaPlay.bet.br,Practice User,0.0,0,0,2
Regular,18425375,pinuem_in07,,2025-01-02 02:07:55,",1291,1343,1290,1020,",Verification required,BacanaPlay.bet.br,Practice User,0.0,0,0,2
Regular,18425426,buglea_gu41,,2025-01-02 02:15:30,",1016,1012,1010,1291,1011,1290,1017,1020,1343,1019,",Verification required,BacanaPlay.bet.br,Practice User,0.0,0,0,2
Regular,18427654,vastest527,,2025-01-02 13:47:12,",1010,1016,1012,1020,1011,1291,1017,1290,1343,1292,1235,1234,",Verification required,BacanaPlay.bet.br,Practice User,0.0,0,0,1
Regular,18425721,Lilameubem,,2025-01-02 03:09:09,",1291,1010,1012,1011,1290,1020,1343,1017,",Verification required,BacanaPlay.bet.br,Practice User,0.0,0,0,2
Regular,18428674,Vwvesgab,,2025-01-02 17:20:54,",1020,1290,1343,1291,",Verification required,BacanaPlay.bet.br,Practice User,0.0,0,0,2
Regular,18425055,Paulista113,,2025-01-02 01:08:24,",1291,1290,1020,",Verification required,BacanaPlay.bet.br,Practice User,0.0,0,0,2
Regular,18432282,batjoa_oa73,,2025-01-03 02:26:33,",1290,1291,1343,1020,",Verification required,BacanaPlay.bet.br,Practice User,0.0,0,0,2
Regular,18421374,Glawcya41,,2025-01-01 14:41:47,",1291,1290,1020,1343,",Verification required,BacanaPlay.bet.br,Practice User,0.0,0,0,2
Regular,18423268,marisa8953,,2025-01-01 20:25:45,",1291,1290,1020,1343,",Verification required,BacanaPlay.bet.br,Practice User,0.0,0,0,2
Regular,18430368,Darenzo,,2025-01-02 21:41:38,",1292,1290,1291,1343,1020,",Verification required,BacanaPlay.bet.br,Practice User,0.0,0,0,1
Regular,18421688,olisil_ii15,,2025-01-01 15:49:13,",1291,1290,1020,1343,",Verification required,BacanaPlay.bet.br,Practice User,0.0,0,0,2
Regular,18420765,domgra_mg67,,2025-01-01 12:01:00,",1291,1290,1020,",Verification required,BacanaPlay.bet.br,Practice User,0.0,0,0,2
Regular,18425537,Izoletekn1,,2025-01-02 02:36:32,",1010,1016,1291,1012,1017,1343,1290,1020,",Verification required,BacanaPlay.bet.br,Practice User,0.0,0,0,2
Regular,18421006,Cleidiane00,,2025-01-01 13:13:10,",1291,1290,1020,1343,",Verification required,BacanaPlay.bet.br,Practice User,0.0,0,0,2
Regular,18423202,Maracana256,,2025-01-01 20:16:39,",1291,1290,1020,",Verification required,BacanaPlay.bet.br,Practice User,0.0,0,0,2
Regular,18440028,Guiomarar,,2025-01-04 04:08:13,",1343,1020,1291,1290,",Verification required,BacanaPlay.bet.br,Practice User,0.0,0,0,2
Regular,18440554,Hopee1992,,2025-01-04 06:01:55,",1291,1020,1290,1343,",Verification required,BacanaPlay.bet.br,Practice User,0.0,0,0,2
Regular,18423384,Paulinha2626,,2025-01-01 20:40:41,",1291,1290,1020,",Verification required,BacanaPlay.bet.br,Practice User,0.0,0,0,2
Regular,18435199,Genivogel,,2025-01-03 15:41:27,",1291,1020,1290,",Verification required,BacanaPlay.bet.br,Practice User,0.0,0,0,2
Regular,18427726,Leonardsp,,2025-01-02 14:03:41,",1020,1291,1290,",Verification required,BacanaPlay.bet.br,Practice User,0.0,0,0,2
Regular,18428578,raffel_fe86,,2025-01-02 16:59:23,",1290,1291,1020,",Verification required,BacanaPlay.bet.br,Practice User,0.0,0,0,2
Regular,18437208,briser_rb13,,2025-01-03 21:35:21,",1291,1020,1290,",Verification required,BacanaPlay.bet.br,Practice User,0.0,0,0,2
Regular,18442734,grafer_gr58,,2025-01-04 16:57:15,",1020,1291,1290,",Verification required,BacanaPlay.bet.br,Practice User,0.0,0,0,2
Regular,18434191,Zazaya01,,2025-01-03 11:24:23,",1020,1291,1290,1019,",Verification required,BacanaPlay.bet.br,Practice User,0.0,0,0,2
Regular,18441203,Santos1000,,2025-01-04 09:50:00,",1343,1020,1291,1290,",Verification required,BacanaPlay.bet.br,Practice User,0.0,0,0,2
Regular,18437178,steedi_td56,,2025-01-03 21:31:58,",1291,1020,1290,",Verification required,BacanaPlay.bet.br,Practice User,0.0,0,0,2
Regular,18425442,scaces_sa92,,2025-01-02 02:18:33,",1291,1290,1020,1343,",Verification required,BacanaPlay.bet.br,Practice User,0.0,0,0,2
Regular,18424777,Kennedybenez,,2025-01-02 00:18:59,",1291,1290,1020,1343,",Verification required,BacanaPlay.bet.br,Practice User,0.0,0,0,2
Regular,18420939,Mariazinha26,,2025-01-01 12:54:01,",1291,1290,1020,1343,",Verification required,BacanaPlay.bet.br,Practice User,0.0,0,0,2
Regular,18421011,86caire,,2025-01-01 13:15:14,",1291,1290,1020,1343,",Verification required,BacanaPlay.bet.br,Practice User,0.0,0,0,2
Regular,18423958,casjef_cf24,,2025-01-01 22:10:23,",1010,1016,1291,1011,1012,1017,1290,1020,",Verification required,BacanaPlay.bet.br,Practice User,0.0,0,0,2
Regular,18424041,Sorte1313,,2025-01-01 22:25:59,",1010,1016,1291,1011,1012,1017,1290,1020,",Verification required,BacanaPlay.bet.br,Practice User,0.0,0,0,2
Regular,18422342,robpassoni,,2025-01-01 17:56:38,",1292,1291,1343,1290,1020,1210,",Verification required,BacanaPlay.bet.br,Practice User,0.0,0,0,1
Regular,18435725,Wylergarcia,,2025-01-03 17:34:33,",1343,1020,1016,1012,1291,1290,1017,1010,",Verification required,BacanaPlay.bet.br,Practice User,0.0,0,0,2
Regular,18440025,Jenana,,2025-01-04 04:07:40,",1020,1291,1290,",Verification required,BacanaPlay.bet.br,Practice User,0.0,0,0,2
Regular,18443669,neivacata,,2025-01-04 19:41:04,",1291,1020,1290,1343,",Verification required,BacanaPlay.bet.br,Practice User,0.0,0,0,2
Regular,18439699,criana_cc05,,2025-01-04 03:12:58,",1020,1291,1290,",Verification required,BacanaPlay.bet.br,Practice User,0.0,0,0,2
Regular,18424068,fadosv_sd25,,2025-01-01 22:30:46,",1291,1290,1020,1019,",Verification required,BacanaPlay.bet.br,Practice User,0.0,0,0,2
Regular,18443684,azetha_zt77,,2025-01-04 19:42:32,",1020,1291,1290,",Verification required,BacanaPlay.bet.br,Practice User,0.0,0,0,2
Regular,18421388,Dukapop,,2025-01-01 14:43:19,",1292,1291,1343,1290,1020,1210,",Verification required,BacanaPlay.bet.br,Practice User,0.0,0,0,1
Regular,18424023,Chafirra,,2025-01-01 22:22:14,",1291,1343,1290,1020,",Verification required,BacanaPlay.bet.br,Practice User,0.0,0,0,2
Regular,18428393,robrog_oo79,,2025-01-02 16:22:58,",1290,1291,1020,",Verification required,BacanaPlay.bet.br,Practice User,0.0,0,0,2
Regular,18424816,Dry1971,,2025-01-02 00:26:39,",1291,1343,1290,1020,",Verification required,BacanaPlay.bet.br,Practice User,0.0,0,0,2
Regular,18428934,Alinemq10_,,2025-01-02 18:10:03,",1291,1290,1020,1343,",Verification required,BacanaPlay.bet.br,Practice User,0.0,0,0,2
Regular,18423985,robser_rb99,,2025-01-01 22:16:01,",1291,1290,1020,",Verification required,BacanaPlay.bet.br,Practice User,0.0,0,0,2
Regular,18421791,babisodc13,,2025-01-01 16:11:08,",1291,1290,1020,1210,",Verification required,BacanaPlay.bet.br,Practice User,0.0,0,0,2
Regular,18443689,Icarobrunool,,2025-01-04 19:42:58,",1291,1020,1290,",Verification required,BacanaPlay.bet.br,Practice User,0.0,0,0,2
Regular,18434854,aratai_ii59,,2025-01-03 14:25:28,",1020,1010,1016,1291,1011,1290,1017,",Verification required,BacanaPlay.bet.br,Practice User,0.0,0,0,2
Regular,18428122,Wall16,,2025-01-02 15:28:41,",1011,1016,1017,1291,1010,1290,1012,1020,",Verification required,BacanaPlay.bet.br,Practice User,0.0,0,0,2
Regular,18432175,Helena00h,,2025-01-03 02:08:44,",1291,1290,1020,",Verification required,BacanaPlay.bet.br,Practice User,0.0,0,0,2
Regular,18435577,jefian_aa51,,2025-01-03 17:07:27,",1020,1291,1290,",Verification required,BacanaPlay.bet.br,Practice User,0.0,0,0,2
Regular,18422493,fagwel_ga73,,2025-01-01 18:23:11,",1291,1290,1020,1343,",Verification required,BacanaPlay.bet.br,Practice User,0.0,0,0,2
Regular,18423411,reiand_ae32,,2025-01-01 20:44:44,",1291,1290,1020,1343,",Verification required,BacanaPlay.bet.br,Practice User,0.0,0,0,2
Regular,18432208,pircar_cr11,,2025-01-03 02:12:46,",1020,1290,1291,",Verification required,BacanaPlay.bet.br,Practice User,0.0,0,0,2
Regular,18429001,wfsfreire,,2025-01-02 18:20:51,",1291,1290,1020,",Verification required,BacanaPlay.bet.br,Practice User,0.0,0,0,2
Regular,18424546,JeanSantana3,,2025-01-01 23:43:52,",1291,1290,1020,",Verification required,BacanaPlay.bet.br,Practice User,0.0,0,0,2
Regular,18423830,monrod_mn50g,,2025-01-01 21:48:38,",1291,1343,1290,1020,",Verification required,BacanaPlay.bet.br,Practice User,0.0,0,0,2
Regular,18420406,juninho16,,2025-01-01 10:09:00,",1020,1291,1343,1292,1290,1161,",Verification required,BacanaPlay.bet.br,Practice User,0.0,0,0,1
Regular,18423358,silwla_sa28,,2025-01-01 20:38:17,",1291,1343,1290,1020,",Verification required,BacanaPlay.bet.br,Practice User,0.0,0,0,2
Regular,18421530,Luci741,,2025-01-01 15:15:16,",1291,1290,1020,1343,",Verification required,BacanaPlay.bet.br,Practice User,0.0,0,0,2
Regular,18434962,lucasfsa16,,2025-01-03 14:50:27,",1020,1291,1290,1343,1210,",Verification required,BacanaPlay.bet.br,Practice User,0.0,0,0,2
Regular,18424478,perozi_ez62,,2025-01-01 23:31:56,",1291,1016,1290,1020,1343,1017,",Verification required,BacanaPlay.bet.br,Practice User,0.0,0,0,2
Regular,18435178,augdav_aa61,,2025-01-03 15:37:00,",1020,1291,1290,",Verification required,BacanaPlay.bet.br,Practice User,0.0,0,0,2
Regular,18441409,Antrobos08,,2025-01-04 10:56:06,",1343,1020,1011,1016,1012,1291,1290,1017,1010,",Verification required,BacanaPlay.bet.br,Practice User,0.0,0,0,2
Regular,18435818,Goribeiro,,2025-01-03 17:50:55,",1343,1292,1020,1291,1290,",Verification required,BacanaPlay.bet.br,Practice User,0.0,0,0,1
Regular,18430838,lauluc_lu34,,2025-01-02 22:43:14,",1290,1291,1343,1020,",Verification required,BacanaPlay.bet.br,Practice User,0.0,0,0,2
Regular,18435817,flass90,,2025-01-03 17:50:55,",1343,1292,1020,1291,1290,",Verification required,BacanaPlay.bet.br,Practice User,0.0,0,0,1
Regular,18441780,Ronan-33,,2025-01-04 12:57:30,",1343,1020,1011,1016,1291,1290,1017,1010,",Verification required,BacanaPlay.bet.br,Practice User,0.0,0,0,2
Regular,18443622,Geanmarialva,,2025-01-04 19:34:43,",1343,1020,1291,1290,",Verification required,BacanaPlay.bet.br,Practice User,0.0,0,0,2
Regular,18442575,Curica2,,2025-01-04 16:20:03,",1343,1292,1020,1291,1290,",Verification required,BacanaPlay.bet.br,Practice User,0.0,0,0,1
Regular,18437229,Rodriguesfig,,2025-01-03 21:37:46,",1343,1020,1291,1290,",Verification required,BacanaPlay.bet.br,Practice User,0.0,0,0,2
Regular,18436719,Welli1,,2025-01-03 20:25:44,",1291,1020,1290,",Verification required,BacanaPlay.bet.br,Practice User,0.0,0,0,2
Regular,18443366,Kimberllylim,,2025-01-04 18:55:57,",1291,1020,1290,",Verification required,BacanaPlay.bet.br,Practice User,0.0,0,0,2
Regular,18438572,berluc_ll02,,2025-01-04 00:27:55,",1020,1016,1012,1291,1290,1017,1010,",Verification required,BacanaPlay.bet.br,Practice User,0.0,0,0,2
Regular,18423851,duadan_ud02,,2025-01-01 21:53:09,",1291,1290,1020,",Verification required,BacanaPlay.bet.br,Practice User,0.0,0,0,2
Regular,18433094,sanuer_au90,,2025-01-03 05:09:23,",1020,1292,1290,1343,1291,",Verification required,BacanaPlay.bet.br,Practice User,0.0,0,0,1
Regular,18435377,Allanthoma,,2025-01-03 16:21:55,",1291,1020,1290,",Verification required,BacanaPlay.bet.br,Practice User,0.0,0,0,2
Regular,18420475,Sound3,,2025-01-01 10:34:50,",1290,1343,1020,1291,1019,",Verification required,BacanaPlay.bet.br,Practice User,0.0,0,0,2
Regular,18423379,Mj1919,,2025-01-01 20:40:07,",1291,1343,1290,1020,",Verification required,BacanaPlay.bet.br,Practice User,0.0,0,0,2
Regular,18424562,Alex4056,,2025-01-01 23:47:02,",1291,1290,1020,",Verification required,BacanaPlay.bet.br,Practice User,0.0,0,0,2
Regular,18424759,gonbru_ro85,,2025-01-02 00:16:33,",1291,1343,1290,1020,",Verification required,BacanaPlay.bet.br,Practice User,0.0,0,0,2
Regular,18425136,Leebrito50,,2025-01-02 01:24:36,",1291,1343,1290,1020,",Verification required,BacanaPlay.bet.br,Practice User,0.0,0,0,2
Regular,18431755,argjua_ga03,,2025-01-03 00:58:59,",1020,1292,1290,1343,1291,",Verification required,BacanaPlay.bet.br,Practice User,0.0,0,0,1
Regular,18421334,thgmss,,2025-01-01 14:29:47,",1291,1290,1020,1210,",Verification required,BacanaPlay.bet.br,Practice User,0.0,0,0,2
Regular,18425525,gunfab_uf02,,2025-01-02 02:34:06,",1291,1290,1020,1019,",Verification required,BacanaPlay.bet.br,Practice User,0.0,0,0,2
Regular,18424696,Nei88_dobner,,2025-01-02 00:05:37,",1291,1343,1290,1020,",Verification required,BacanaPlay.bet.br,Practice User,0.0,0,0,2
Regular,18432960,melste_tt07,,2025-01-03 04:41:10,",1020,1292,1290,1343,1291,1019,",Verification required,BacanaPlay.bet.br,Practice User,0.0,0,0,1
Regular,18423335,Andriwsouza1,,2025-01-01 20:34:22,",1291,1290,1020,",Verification required,BacanaPlay.bet.br,Practice User,0.0,0,0,2
Regular,18426037,carnag_an47,,2025-01-02 04:24:01,",1291,1290,1020,1343,",Verification required,BacanaPlay.bet.br,Practice User,0.0,0,0,2
Regular,18435103,Melhoral,,2025-01-03 15:19:07,",1020,1291,1290,",Verification required,BacanaPlay.bet.br,Practice User,0.0,0,0,2
Regular,18424754,Polycarton,,2025-01-02 00:16:18,",1291,1290,1020,",Verification required,BacanaPlay.bet.br,Practice User,0.0,0,0,2
Regular,18428437,HACKER7800,,2025-01-02 16:32:13,",1290,1291,1343,1020,1019,",Verification required,BacanaPlay.bet.br,Practice User,0.0,0,0,2
Regular,18422014,Lucasfelio,,2025-01-01 16:56:07,",1291,1290,1020,",Verification required,BacanaPlay.bet.br,Practice User,0.0,0,0,2
Regular,18424839,diamat_ai52,,2025-01-02 00:30:16,",1016,1012,1010,1291,1011,1290,1017,1020,",Verification required,BacanaPlay.bet.br,Practice User,0.0,0,0,2
Regular,18431746,Magozeri,,2025-01-03 00:57:03,",1020,1290,1291,",Verification required,BacanaPlay.bet.br,Practice User,0.0,0,0,2
Regular,18441501,alvzel_la79,,2025-01-04 11:26:21,",1020,1291,1290,1343,",Verification required,BacanaPlay.bet.br,Practice User,0.0,0,0,2
Regular,18428793,Nandim09,,2025-01-02 17:45:55,",1291,1290,1020,",Verification required,BacanaPlay.bet.br,Practice User,0.0,0,0,2
Regular,18421356,Samuel8877,,2025-01-01 14:36:19,",1291,1343,1290,1020,",Verification required,BacanaPlay.bet.br,Practice User,0.0,0,0,2
Regular,18442424,dya2025,,2025-01-04 15:48:42,",1291,1020,1290,",Verification required,BacanaPlay.bet.br,Practice User,0.0,0,0,2
Regular,18420854,Mazzinmv,,2025-01-01 12:29:57,",1291,1290,1020,1343,",Verification required,BacanaPlay.bet.br,Practice User,0.0,0,0,2
Regular,18424857,gomros_or55,,2025-01-02 00:33:31,",1291,1290,1020,",Verification required,BacanaPlay.bet.br,Practice User,0.0,0,0,2
Regular,18425410,Lemnynha833,,2025-01-02 02:12:51,",1291,1290,1020,",Verification required,BacanaPlay.bet.br,Practice User,0.0,0,0,2
Regular,18435013,cenraq_rc37,,2025-01-03 15:02:20,",1020,1291,1290,",Verification required,BacanaPlay.bet.br,Practice User,0.0,0,0,2
Regular,18432658,lluangome,,2025-01-03 03:39:09,",1020,1290,1291,1019,",Verification required,BacanaPlay.bet.br,Practice User,0.0,0,0,2
Regular,18431219,tatnunes,,2025-01-02 23:31:56,",1290,1291,1343,1020,",Verification required,BacanaPlay.bet.br,Practice User,0.0,0,0,2
Regular,18424947,folacop,,2025-01-02 00:49:32,",1291,1010,1011,1016,1290,1020,1343,1017,",Verification required,BacanaPlay.bet.br,Practice User,0.0,0,0,2
Regular,18435517,elzareis378,,2025-01-03 16:53:39,",1291,1020,1290,",Verification required,BacanaPlay.bet.br,Practice User,0.0,0,0,2
Regular,18426142,nevclo_ne77,,2025-01-02 04:49:42,",1291,1343,1290,1020,",Verification required,BacanaPlay.bet.br,Practice User,0.0,0,0,2
Regular,18438417,magcostta124,,2025-01-04 00:05:56,",1291,1020,1290,1343,",Verification required,BacanaPlay.bet.br,Practice User,0.0,0,0,2
Regular,18428259,sanluc_aa34,,2025-01-02 15:57:11,",1290,1291,1020,",Verification required,BacanaPlay.bet.br,Practice User,0.0,0,0,2
Regular,18421338,jessieribe,,2025-01-01 14:30:42,",1291,1010,1011,1016,1290,1020,1017,",Verification required,BacanaPlay.bet.br,Practice User,0.0,0,0,2
Regular,18426145,sanseb_an25,,2025-01-02 04:50:40,",1291,1290,1020,1343,",Verification required,BacanaPlay.bet.br,Practice User,0.0,0,0,2
Regular,18440790,dosmic_io96,,2025-01-04 07:17:27,",1343,1020,1291,1290,",Verification required,BacanaPlay.bet.br,Practice User,0.0,0,0,2
Regular,18427803,Ale0812,,2025-01-02 14:18:53,",1020,1291,1290,",Verification required,BacanaPlay.bet.br,Practice User,0.0,0,0,2
Regular,18443056,Bigmacfx13,,2025-01-04 17:59:38,",1020,1291,1290,",Verification required,BacanaPlay.bet.br,Practice User,0.0,0,0,2
Regular,18434225,daiane220986,,2025-01-03 11:31:57,",1343,1020,1291,1290,",Verification required,BacanaPlay.bet.br,Practice User,0.0,0,0,2
Regular,18429150,matosfila92,,2025-01-02 18:44:05,",1292,1290,1291,1343,1020,",Verification required,BacanaPlay.bet.br,Practice User,0.0,0,0,1
Regular,18441363,choroque,,2025-01-04 10:41:25,",1020,1291,1290,",Verification required,BacanaPlay.bet.br,Practice User,0.0,0,0,2
Regular,18438656,Mau373,,2025-01-04 00:38:44,",1291,1012,1016,1017,1020,1290,1011,1010,",Verification required,BacanaPlay.bet.br,Practice User,0.0,0,0,2
Regular,18440212,criana_cc85,,2025-01-04 04:44:07,",1020,1291,1290,1343,",Verification required,BacanaPlay.bet.br,Practice User,0.0,0,0,2
Regular,18424173,Ziguinau7,,2025-01-01 22:46:33,",1291,1290,1020,1210,",Verification required,BacanaPlay.bet.br,Practice User,0.0,0,0,2
Regular,18436125,Ericarnovais,,2025-01-03 18:48:55,",1020,1291,1290,",Verification required,BacanaPlay.bet.br,Practice User,0.0,0,0,2
Regular,18440250,sanleo_lo57,,2025-01-04 04:53:48,",1020,1291,1290,1343,",Verification required,BacanaPlay.bet.br,Practice User,0.0,0,0,2
Regular,18432443,Costagleison,,2025-01-03 02:56:07,",1291,1290,1020,1343,",Verification required,BacanaPlay.bet.br,Practice User,0.0,0,0,2
Regular,18432591,alvcli_la66,,2025-01-03 03:27:37,",1020,1290,1291,",Verification required,BacanaPlay.bet.br,Practice User,0.0,0,0,2
Regular,18421080,Mccrisao2025,,2025-01-01 13:32:12,",1010,1016,1291,1011,1012,1017,1290,1020,",Verification required,BacanaPlay.bet.br,Practice User,0.0,0,0,2
Regular,18425314,rodthi_tr59,,2025-01-02 01:55:11,",1291,1290,1020,",Verification required,BacanaPlay.bet.br,Practice User,0.0,0,0,2
Regular,18442764,fuminho,,2025-01-04 17:04:49,",1343,1020,1291,1290,",Verification required,BacanaPlay.bet.br,Practice User,0.0,0,0,2
Regular,18440525,cesluc_cu01,,2025-01-04 05:54:47,",1291,1020,1290,1343,",Verification required,BacanaPlay.bet.br,Practice User,0.0,0,0,2
Regular,18432396,Talisil,,2025-01-03 02:48:14,",1290,1291,1020,",Verification required,BacanaPlay.bet.br,Practice User,0.0,0,0,2
Regular,18435897,boedan_db65,,2025-01-03 18:05:40,",1343,1292,1020,1291,1290,",Verification required,BacanaPlay.bet.br,Practice User,0.0,0,0,1
Regular,18424426,Cristina3012,,2025-01-01 23:25:10,",1291,1343,1290,1020,",Verification required,BacanaPlay.bet.br,Practice User,0.0,0,0,2
Regular,18439341,Patricia2785,,2025-01-04 02:22:18,",1020,1291,1290,1343,",Verification required,BacanaPlay.bet.br,Practice User,0.0,0,0,2
Regular,18432879,Mvtrindade88,,2025-01-03 04:25:32,",1016,1011,1017,1291,1290,1010,1012,1020,",Verification required,BacanaPlay.bet.br,Practice User,0.0,0,0,2
Regular,18435375,dbteste1,,2025-01-03 16:21:36,",1291,1012,1016,1017,1020,1290,1011,1010,1000,",Verification required,BacanaPlay.bet.br,Practice User,0.0,0,0,2
Regular,18427403,careve_ae04,,2025-01-02 12:25:44,",1020,1291,1290,1343,1019,",Verification required,BacanaPlay.bet.br,Practice User,0.0,0,0,2
Regular,18428809,franpxav,,2025-01-02 17:49:09,",1010,1017,1011,1290,1291,1020,1012,1016,",Verification required,BacanaPlay.bet.br,Practice User,0.0,0,0,2
Regular,18439050,Vanepier1978,,2025-01-04 01:38:34,",1020,1291,1290,",Verification required,BacanaPlay.bet.br,Practice User,0.0,0,0,2
Regular,18422270,henfab_ef08,,2025-01-01 17:43:34,",1291,1343,1290,1020,",Verification required,BacanaPlay.bet.br,Practice User,0.0,0,0,2
Regular,18425844,arzkar_ar35,,2025-01-02 03:37:23,",1291,1343,1290,1020,",Verification required,BacanaPlay.bet.br,Practice User,0.0,0,0,2
Regular,18421024,torlet_le49,,2025-01-01 13:17:25,",1291,1010,1011,1016,1290,1020,1343,1017,",Verification required,BacanaPlay.bet.br,Practice User,0.0,0,0,2
Regular,18426408,perfra_ae09,,2025-01-02 06:06:14,",1291,1290,1020,1343,",Verification required,BacanaPlay.bet.br,Practice User,0.0,0,0,2
Regular,18424680,Dedeafereir,,2025-01-02 00:04:20,",1291,1020,1100,1090,1003,1210,",Verification rejected,PlayUZU.bet.br,Practice User,0.0,0,0,2
Regular,18440363,zeusprospero,,2025-01-04 05:19:23,",1020,1291,1090,1003,1100,",Verification rejected,PlayUZU.bet.br,Practice User,0.0,0,0,2
Regular,18427337,paurog_ou77,,2025-01-02 12:07:27,",1020,1291,1090,1003,1100,1290,",Verification rejected,PlayUZU.bet.br,Practice User,0.0,0,0,2
Regular,18428469,wmarinho1,,2025-01-02 16:38:03,",1016,1011,1017,1010,1020,1290,1003,",Verification rejected,PlayUZU.bet.br,Practice User,0.0,0,0,2
Regular,18434355,marjos_ms16,,2025-01-03 12:09:26,",1291,1020,1090,1003,1100,",Verification rejected,PlayUZU.bet.br,Practice User,0.0,0,0,2
Regular,18439280,morpau_ro08,,2025-01-04 02:13:24,",1343,1020,1291,1090,1003,1100,",Verification rejected,BacanaPlay.bet.br,Practice User,0.0,0,0,2
Regular,18428583,Nadia9889,,2025-01-02 17:01:11,",1291,1020,1100,1090,1003,",Verification rejected,BacanaPlay.bet.br,Practice User,0.0,0,0,2
Regular,18420553,tatinhuZN,,2025-01-01 10:58:34,",1020,1291,1090,1003,1100,",Verification rejected,BacanaPlay.bet.br,Practice User,0.0,0,0,2
Regular,18431760,Mmarri08,,2025-01-03 00:59:43,",1020,1016,1010,1291,1017,1011,1100,1090,1003,",Verification rejected,BacanaPlay.bet.br,Practice User,0.0,0,0,2
Regular,18435946,Wricardo123,,2025-01-03 18:14:53,",1020,1291,1090,1003,1100,",Verification rejected,BacanaPlay.bet.br,Practice User,0.0,0,0,2
Regular,18436528,dosfre_sd29,,2025-01-03 19:55:58,",1020,1011,1016,1012,1291,1017,1010,1090,1003,1100,",Verification rejected,BacanaPlay.bet.br,Practice User,0.0,0,0,2
Regular,18435888,paollabraga3,,2025-01-03 18:04:18,",1020,1291,1100,1090,1003,",Verification rejected,BacanaPlay.bet.br,Practice User,0.0,0,0,2
Regular,18434213,WrcCavalcan,,2025-01-03 11:28:21,",1020,1291,1100,1090,1003,",Verification rejected,BacanaPlay.bet.br,Practice User,0.0,0,0,2
Regular,18427849,alveli_la24,,2025-01-02 14:29:42,",1020,1291,1090,1003,1100,",Verification rejected,BacanaPlay.bet.br,Practice User,0.0,0,0,2
Regular,18435209,celfra_ll77,,2025-01-03 15:42:51,",1020,1291,1343,1090,1003,1100,",Verification rejected,BacanaPlay.bet.br,Practice User,0.0,0,0,2
Regular,18428569,wmarinho123,,2025-01-02 16:57:46,",1010,1017,1011,1020,1016,1290,1003,",Verification rejected,BacanaPlay.bet.br,Practice User,0.0,0,0,2
Regular,18432304,Daihello,,2025-01-03 02:31:25,",1291,1020,1100,",Additional verification needed,PlayUZU.bet.br,Practice User,0.0,0,0,2
Regular,18423749,Bodinho83,,2025-01-01 21:37:31,",1291,1020,1100,",Additional verification needed,PlayUZU.bet.br,Practice User,0.0,0,0,2
Regular,18427424,Tioles,,2025-01-02 12:33:04,",1020,1291,1100,",Additional verification needed,PlayUZU.bet.br,Practice User,0.0,0,0,2
Regular,18422027,souant_ss64,,2025-01-01 16:57:44,",1291,1020,1100,",Additional verification needed,PlayUZU.bet.br,Practice User,0.0,0,0,2
Regular,18440077,Brenoreis,,2025-01-04 04:19:22,",1020,1291,",Additional verification needed,BacanaPlay.bet.br,Practice User,0.0,0,0,2
Regular,18429562,marlua_am87,,2025-01-02 19:45:12,",1016,1011,1017,1291,1010,1012,1020,",Additional verification needed,BacanaPlay.bet.br,Practice User,0.0,0,0,2
Regular,18423262,leijoa_ea16,,2025-01-01 20:24:56,",1291,1020,1100,",Additional verification needed,BacanaPlay.bet.br,Practice User,0.0,0,0,2
Regular,18435681,dudakill90,,2025-01-03 17:25:34,",1291,1020,1343,",Additional verification needed,BacanaPlay.bet.br,Practice User,0.0,0,0,2
Regular,18441997,matheus1214,3600173.0,2025-01-04 13:58:13,",1011,1016,1012,1017,1010,1326,",Verification succeeded,PlayUZU.bet.br,Real User,0.0,1,0,2
Regular,18437852,ribgus_rg67,3598705.0,2025-01-03 22:55:27,,Verification succeeded,PlayUZU.bet.br,Real User,0.0,1,0,2
Regular,18428463,gabgio_gg50,3594665.0,2025-01-02 16:36:47,",1016,1017,1010,1012,",Verification succeeded,PlayUZU.bet.br,Real User,0.0,1,0,2
Regular,18427103,aratal_la05,3599456.0,2025-01-02 10:37:38,,Verification succeeded,PlayUZU.bet.br,Real User,0.12,1,0,2
Regular,18428476,Nickbetteste,3594684.0,2025-01-02 16:38:44,",1016,1010,1012,1017,1011,",Verification succeeded,PlayUZU.bet.br,Real User,0.0,1,0,2
Regular,18432027,Kitoreis87,3596111.0,2025-01-03 01:41:40,",1016,1010,1017,",Verification succeeded,PlayUZU.bet.br,Real User,0.0,1,0,2
Regular,18420756,andwes_se92,3591796.0,2025-01-01 11:59:16,,Verification succeeded,PlayUZU.bet.br,Real User,0.0,1,0,2
Regular,18434533,wendeasan100,3597073.0,2025-01-03 13:02:35,",1019,",Verification succeeded,PlayUZU.bet.br,Real User,0.02,1,0,2
Regular,18431645,Simone2025,3595984.0,2025-01-03 00:40:42,,Verification succeeded,PlayUZU.bet.br,Real User,0.05,1,0,2
Regular,18432570,matcla_al34,3596301.0,2025-01-03 03:23:40,,Verification succeeded,PlayUZU.bet.br,Real User,0.8,1,0,2
Regular,18421298,Sandrikkauzu,3591909.0,2025-01-01 14:24:15,,Verification succeeded,PlayUZU.bet.br,Real User,0.2,1,0,2
Regular,18420425,Clce_97,3591585.0,2025-01-01 10:16:02,,Verification succeeded,PlayUZU.bet.br,Real User,0.85,1,0,2
Regular,18423968,Joabis15,3595259.0,2025-01-01 22:12:08,,Verification succeeded,PlayUZU.bet.br,Real User,0.69,1,0,2
Regular,18429674,luizaboter,3598101.0,2025-01-02 19:59:35,,Verification succeeded,PlayUZU.bet.br,Real User,0.03,1,0,2
Regular,18435190,Vilp0809,3597805.0,2025-01-03 15:39:42,,Verification succeeded,PlayUZU.bet.br,Real User,0.04,1,0,2
Regular,18434499,marciosan100,3598794.0,2025-01-03 12:49:48,,Verification succeeded,PlayUZU.bet.br,Real User,0.15,1,0,2
Regular,18434555,Rbosv78,3597126.0,2025-01-03 13:10:46,",1010,1016,1011,1017,",Verification succeeded,PlayUZU.bet.br,Real User,0.11,1,0,2
Regular,18428422,alewal_1965,3594911.0,2025-01-02 16:29:22,,Verification succeeded,PlayUZU.bet.br,Real User,0.08,1,0,2
Regular,18433883,eli_ss82,3596789.0,2025-01-03 09:20:05,,Verification succeeded,PlayUZU.bet.br,Real User,0.06,1,0,2
Regular,18427960,jotaJota356,3594901.0,2025-01-02 14:54:08,",1326,",Verification succeeded,PlayUZU.bet.br,Real User,0.0,1,0,2
Regular,18426559,dezinhotv,3593811.0,2025-01-02 06:52:00,,Verification succeeded,PlayUZU.bet.br,Real User,0.05,1,0,2
Regular,18428459,andreuzutest,3594681.0,2025-01-02 16:36:33,",1010,1017,1011,1016,1292,",Verification succeeded,PlayUZU.bet.br,Real User,0.0,1,0,1
Regular,18441488,jocmar_aa54,3599936.0,2025-01-04 11:20:37,,Verification succeeded,PlayUZU.bet.br,Real User,0.05,1,0,2
Regular,18432609,Allan107,3596320.0,2025-01-03 03:31:35,",1010,1017,1011,1012,1016,",Verification succeeded,PlayUZU.bet.br,Real User,0.1,1,0,2
Regular,18426950,vastest525,3593986.0,2025-01-02 09:37:44,",1235,",Verification succeeded,PlayUZU.bet.br,Real User,1.0,1,0,2
Regular,18430067,Zinho01,3595552.0,2025-01-02 20:56:43,",1210,",Verification succeeded,PlayUZU.bet.br,Real User,0.3,1,0,2
Regular,18422782,buegus_ee71,3593180.0,2025-01-01 19:14:27,,Verification succeeded,PlayUZU.bet.br,Real User,0.0,1,0,2
Regular,18429603,1206andreia,3595174.0,2025-01-02 19:51:21,,Verification succeeded,PlayUZU.bet.br,Real User,0.07,1,0,2
Regular,18424009,joakar_aj47,3592905.0,2025-01-01 22:19:34,,Verification succeeded,PlayUZU.bet.br,Real User,0.0,1,0,2
Regular,18421721,camilarsilva,3591973.0,2025-01-01 15:56:53,,Verification succeeded,BacanaPlay.bet.br,Real User,0.75,1,0,2
Regular,18436849,ferlui_rr88,3598657.0,2025-01-03 20:48:59,,Verification succeeded,BacanaPlay.bet.br,Real User,0.42,1,0,2
Regular,18420782,andwes_aw82,3591796.0,2025-01-01 12:07:15,,Verification succeeded,BacanaPlay.bet.br,Real User,0.45,1,0,2
Regular,18440993,robwes_we37,3599721.0,2025-01-04 08:31:13,,Verification succeeded,BacanaPlay.bet.br,Real User,0.24,1,0,2
Regular,18428605,edumar_ssg13,3594689.0,2025-01-02 17:05:33,,Verification succeeded,BacanaPlay.bet.br,Real User,0.8,1,0,2
Regular,18427588,LuanllA,3594243.0,2025-01-02 13:30:31,,Verification succeeded,BacanaPlay.bet.br,Real User,0.02,1,0,2
Regular,18423391,Iradoo,3592656.0,2025-01-01 20:41:40,,Verification succeeded,BacanaPlay.bet.br,Real User,0.4,1,0,2
Regular,18438135,Tiagotel1,3598719.0,2025-01-03 23:32:37,,Verification succeeded,BacanaPlay.bet.br,Real User,0.19,1,0,2
Regular,18435907,Jessicalima1,3597713.0,2025-01-03 18:07:41,,Verification succeeded,BacanaPlay.bet.br,Real User,0.18,1,0,2
Regular,18428599,toljos_sl20,3594692.0,2025-01-02 17:04:25,,Verification succeeded,BacanaPlay.bet.br,Real User,0.0,1,0,2
Regular,18428559,Nickbettest,3594684.0,2025-01-02 16:56:29,",1010,1017,1011,1012,1016,",Verification succeeded,BacanaPlay.bet.br,Real User,0.0,1,0,2
Regular,18424539,viavin_ia09,3593121.0,2025-01-01 23:42:36,,Verification succeeded,BacanaPlay.bet.br,Real User,0.1,1,0,2
Regular,18436466,Elienne16,3597959.0,2025-01-03 19:46:35,,Verification succeeded,BacanaPlay.bet.br,Real User,0.11,1,0,2
Regular,18425841,Antonioaf98,3599322.0,2025-01-02 03:37:05,",1016,1010,1017,1327,",Verification succeeded,BacanaPlay.bet.br,Real User,0.1,1,0,2
Regular,18436944,Nildaarau72,3598214.0,2025-01-03 21:03:18,,Verification succeeded,BacanaPlay.bet.br,Real User,0.15,1,0,2
Regular,18422866,Zinhobolado,3593136.0,2025-01-01 19:26:58,,Verification succeeded,BacanaPlay.bet.br,Real User,0.0,1,0,2
Regular,18439457,Caiocesarmds,3599260.0,2025-01-04 02:38:20,,Verification succeeded,BacanaPlay.bet.br,Real User,0.05,1,0,2
Regular,18424277,Den1306,3593027.0,2025-01-01 23:00:19,,Verification succeeded,BacanaPlay.bet.br,Real User,0.0,1,0,2
Regular,18421576,Limell,3595232.0,2025-01-01 15:24:10,,Verification succeeded,BacanaPlay.bet.br,Real User,0.24,1,0,2
Regular,18442247,carphi_hr66,3600307.0,2025-01-04 15:01:55,,Verification succeeded,BacanaPlay.bet.br,Real User,0.05,1,0,2
Regular,18427411,JunasCamilo,3594260.0,2025-01-02 12:29:01,,Verification succeeded,BacanaPlay.bet.br,Real User,0.71,1,0,2
Regular,18421264,Dremp25,3591810.0,2025-01-01 14:17:13,,Verification succeeded,BacanaPlay.bet.br,Real User,0.2,1,0,2
Regular,18422919,silver_ri69,3592434.0,2025-01-01 19:35:54,",1000,",Verification succeeded,BacanaPlay.bet.br,Real User,0.39,1,0,2
Regular,18425057,esg100517,3593359.0,2025-01-02 01:09:12,,Verification succeeded,BacanaPlay.bet.br,Real User,0.0,1,0,2
Regular,18432726,mances_sm10,3596406.0,2025-01-03 03:53:37,,Verification succeeded,BacanaPlay.bet.br,Real User,0.0,1,0,2
Regular,18430994,Aloisio1224,3595737.0,2025-01-02 23:02:26,,Verification succeeded,BacanaPlay.bet.br,Real User,0.75,1,0,2
Regular,18437866,gonraf_gr93,3598592.0,2025-01-03 22:56:51,,Verification succeeded,BacanaPlay.bet.br,Real User,0.31,1,0,2
Regular,18425685,Souza1010,3596116.0,2025-01-02 03:02:11,",1016,1012,1010,1011,1017,",Verification succeeded,BacanaPlay.bet.br,Real User,0.08,1,0,2
Regular,18437874,caikat_ta24,3598886.0,2025-01-03 22:57:31,",1011,1016,1017,1010,1326,",Verification succeeded,BacanaPlay.bet.br,Real User,0.55,1,0,2
Regular,18430330,Dropy12,3595456.0,2025-01-02 21:37:17,,Verification succeeded,BacanaPlay.bet.br,Real User,0.2,1,0,2
Regular,18422256,crisana79,3594150.0,2025-01-01 17:40:54,,Verification succeeded,BacanaPlay.bet.br,Real User,0.07,1,0,2
Regular,18428497,RobertoTST01,3594647.0,2025-01-02 16:42:05,,Verification succeeded,BacanaPlay.bet.br,Real User,3.0,1,0,2
Regular,18427000,Amaurigomes0,3593996.0,2025-01-02 10:00:23,",1210,",Verification succeeded,BacanaPlay.bet.br,Real User,0.09,1,0,2
Regular,18428771,Jozivaldbet,3594774.0,2025-01-02 17:42:26,,Verification succeeded,BacanaPlay.bet.br,Real User,0.1,1,0,2
Regular,18426918,gomrod_mg04,3593970.0,2025-01-02 09:23:24,,Verification succeeded,BacanaPlay.bet.br,Real User,0.01,1,0,2
Regular,18420778,elhchr_ec60,3591585.0,2025-01-01 12:05:18,,Verification succeeded,BacanaPlay.bet.br,Real User,0.36,1,0,2
Regular,18423614,alvjul_vl70,3593022.0,2025-01-01 21:15:39,,Verification succeeded,BacanaPlay.bet.br,Real User,0.05,1,0,2
Regular,18433470,Lcjr43,3597775.0,2025-01-03 06:54:33,",1100,",Verification succeeded,BacanaPlay.bet.br,Real User,0.11,1,0,2
Regular,18428778,Paulinha_25,3594777.0,2025-01-02 17:43:06,,Verification succeeded,BacanaPlay.bet.br,Real User,0.01,1,0,2
Regular,18431102,Llglves,3595759.0,2025-01-02 23:16:53,,Verification succeeded,BacanaPlay.bet.br,Real User,0.15,1,0,2
Regular,18428576,gabgio_io15,3594665.0,2025-01-02 16:58:53,",1010,1017,1011,1012,1016,",Verification succeeded,BacanaPlay.bet.br,Real User,0.0,1,0,2
Regular,18421540,Pequena0155,3591909.0,2025-01-01 15:17:26,,Verification succeeded,BacanaPlay.bet.br,Real User,0.32,1,0,2
Regular,18436089,ELF1809,3597840.0,2025-01-03 18:43:41,,Verification succeeded,BacanaPlay.bet.br,Real User,1.8,1,0,2
Regular,18435579,Ronirps,3597541.0,2025-01-03 17:07:40,",1326,1008,",Verification succeeded,BacanaPlay.bet.br,Real User,0.17,1,0,2
Regular,18425105,Amaral36,3593363.0,2025-01-02 01:17:59,,Verification succeeded,BacanaPlay.bet.br,Real User,0.18,1,0,2
Regular,18425274,Alexandropp,3593433.0,2025-01-02 01:48:14,,Verification succeeded,BacanaPlay.bet.br,Real User,0.0,1,0,2
Regular,18424146,leuzera,3596830.0,2025-01-01 22:40:10,,Verification succeeded,BacanaPlay.bet.br,Real User,169.65,1,0,2
Regular,18430500,marlid_ml07,3596140.0,2025-01-02 21:58:28,",1016,1010,1017,1011,",Verification succeeded,BacanaPlay.bet.br,Real User,0.06,1,0,2
Regular,18439013,CaViBi,3599444.0,2025-01-04 01:33:57,,Verification succeeded,BacanaPlay.bet.br,Real User,0.27,1,0,2
Regular,18422174,Cassi09,3592186.0,2025-01-01 17:26:03,,Verification succeeded,BacanaPlay.bet.br,Real User,0.0,1,0,2
Regular,18431314,garanha22,3595842.0,2025-01-02 23:47:23,",1000,",Verification succeeded,BacanaPlay.bet.br,Real User,0.07,1,0,2
Regular,18431420,Almiralves,3595883.0,2025-01-03 00:03:35,,Verification succeeded,BacanaPlay.bet.br,Real User,0.31,1,0,2
Regular,18421417,DERI50,3591920.0,2025-01-01 14:50:00,,Verification succeeded,BacanaPlay.bet.br,Real User,1.2,1,0,2
Regular,18421040,rafamso,3592717.0,2025-01-01 13:22:08,,Verification succeeded,BacanaPlay.bet.br,Real User,51.99,1,0,2
Regular,18421076,sangil_ns86,3591815.0,2025-01-01 13:30:02,,Verification succeeded,BacanaPlay.bet.br,Real User,0.8,1,0,2
Regular,18428561,andbacatest,3594681.0,2025-01-02 16:56:54,",1010,1017,1011,1016,",Verification succeeded,BacanaPlay.bet.br,Real User,0.0,1,0,2
Regular,18429361,Npetro,3595066.0,2025-01-02 19:16:29,",1016,1011,1017,1010,1012,1326,",Verification succeeded,BacanaPlay.bet.br,Real User,0.2,1,0,2
Regular,18421073,ranilhamas,3591814.0,2025-01-01 13:29:24,",1016,1012,1010,1011,1017,1326,",Verification succeeded,BacanaPlay.bet.br,Real User,0.0,1,0,2
Regular,18423489,Dallaswar,3594872.0,2025-01-01 20:56:57,",1016,1010,1011,1017,1000,",Verification succeeded,BacanaPlay.bet.br,Real User,0.63,1,0,2
Regular,18428715,Fabianoailso,3594746.0,2025-01-02 17:29:31,,Verification succeeded,BacanaPlay.bet.br,Real User,0.0,1,0,2
Regular,18426579,sanjad_sa15,3593834.0,2025-01-02 06:58:32,",1010,1016,1011,1017,",Verification succeeded,BacanaPlay.bet.br,Real User,0.25,1,0,2
Regular,18421491,Adal2025,3591874.0,2025-01-01 15:07:39,,Verification succeeded,BacanaPlay.bet.br,Real User,20.0,1,0,2
Regular,18423106,Cria48,3592512.0,2025-01-01 20:04:01,,Verification succeeded,BacanaPlay.bet.br,Real User,20.0,1,0,2
Regular,18434476,Zala15,3597560.0,2025-01-03 12:41:47,,Verification succeeded,BacanaPlay.bet.br,Real User,0.29,1,0,2
Regular,18432735,VerasVeras,3596343.0,2025-01-03 03:54:59,,Verification succeeded,BacanaPlay.bet.br,Real User,0.05,1,0,2
Regular,18421173,quaros_so50,3595822.0,2025-01-01 13:56:36,,Verification succeeded,BacanaPlay.bet.br,Real User,0.06,1,0,2
Regular,18421049,junim1984,3591710.0,2025-01-01 13:23:43,,Verification succeeded,BacanaPlay.bet.br,Real User,0.0,1,0,2
Regular,18424015,Paulosaboia,3597558.0,2025-01-01 22:21:02,,Verification succeeded,BacanaPlay.bet.br,Real User,0.12,1,0,2
Regular,18422512,Themir-,3593528.0,2025-01-01 18:27:54,,Verification succeeded,BacanaPlay.bet.br,Real User,0.14,1,0,2
ReRegister,18424395,tas_crist,3592538.0,2025-01-01 23:20:09,",1016,1010,1017,",Verification succeeded,PlayUZU.bet.br,Real User,0.65,1,0,2
ReRegister,18443305,Apl2025,3594777.0,2025-01-04 18:47:09,",1016,1017,1010,1210,",Verification succeeded,PlayUZU.bet.br,Real User,0.13,1,0,2
ReRegister,18436307,Vilp_0809,3597805.0,2025-01-03 19:22:24,",1010,1016,1017,",Verification succeeded,BacanaPlay.bet.br,Real User,0.2,1,0,2
Regular,18436787,Tamigouvea,3598126.0,2025-01-03 20:39:25,",1019,",Verification succeeded,PlayUZU.bet.br,Registered User,0.0,1,0,2
Regular,18434701,cezjun_jn65,3597191.0,2025-01-03 13:48:54,,Verification succeeded,PlayUZU.bet.br,Registered User,0.0,1,0,2
Regular,18429619,Mony2025,3595217.0,2025-01-02 19:52:42,,Verification succeeded,PlayUZU.bet.br,Registered User,0.0,1,0,2
Regular,18428472,giokelvin,3596935.0,2025-01-02 16:38:39,,Verification succeeded,PlayUZU.bet.br,Registered User,0.0,1,0,2
Regular,18425902,KelberLima92,3595555.0,2025-01-02 03:50:16,,Verification succeeded,PlayUZU.bet.br,Registered User,0.0,1,0,2
Regular,18427852,vsatest530,3593986.0,2025-01-02 14:31:00,",1012,1011,1017,1016,1010,",Verification succeeded,PlayUZU.bet.br,Registered User,0.0,1,0,2
Regular,18428478,Ailsonfabian,3594746.0,2025-01-02 16:39:01,,Verification succeeded,PlayUZU.bet.br,Registered User,0.0,1,0,2
Regular,18437450,hahjos_as60,3598440.0,2025-01-03 22:07:22,,Verification succeeded,PlayUZU.bet.br,Registered User,0.0,1,0,2
Regular,18423876,sangus_nu31,3592883.0,2025-01-01 21:57:13,",1019,",Verification succeeded,BacanaPlay.bet.br,Registered User,0.0,1,0,2
Regular,18427543,EVSKY365,3594249.0,2025-01-02 13:15:50,,Verification succeeded,BacanaPlay.bet.br,Registered User,0.0,1,0,2
Regular,18422779,tas_cristi,3592538.0,2025-01-01 19:14:05,,Verification succeeded,BacanaPlay.bet.br,Registered User,0.0,1,0,2
Regular,18420776,oligui_li72,3592678.0,2025-01-01 12:04:18,",1343,",Verification succeeded,BacanaPlay.bet.br,Registered User,0.0,1,0,2
Regular,18424127,perraq_qe02,3592983.0,2025-01-01 22:37:31,,Verification succeeded,BacanaPlay.bet.br,Registered User,0.0,1,0,2
Regular,18443221,balleo_eo64,3600717.0,2025-01-04 18:29:14,,Verification succeeded,BacanaPlay.bet.br,Registered User,0.0,1,0,2
Regular,18442411,sancyn_cy71,3600344.0,2025-01-04 15:45:07,,Verification succeeded,BacanaPlay.bet.br,Registered User,0.0,1,0,2
Regular,18420859,pasdei_di02,3591806.0,2025-01-01 12:32:14,,Verification succeeded,BacanaPlay.bet.br,Registered User,0.0,1,0,2
Regular,18421984,souant_ta73,3594726.0,2025-01-01 16:50:06,,Verification succeeded,BacanaPlay.bet.br,Registered User,0.0,1,0,2
Regular,18422207,Maivado2410,3592171.0,2025-01-01 17:31:45,",1343,",Verification succeeded,BacanaPlay.bet.br,Registered User,0.0,1,0,2
Regular,18421026,danielgonca,3598248.0,2025-01-01 13:18:36,",1010,1016,1017,",Verification succeeded,BacanaPlay.bet.br,Registered User,0.0,1,0,2
Regular,18422394,Mguardia09,3592608.0,2025-01-01 18:03:45,",1010,1011,1017,",Verification succeeded,BacanaPlay.bet.br,Registered User,0.0,1,0,2
Regular,18421487,corlin_rc70,3592033.0,2025-01-01 15:05:22,,Verification succeeded,BacanaPlay.bet.br,Registered User,0.0,1,0,2
Regular,18420759,Jonnlook,3591783.0,2025-01-01 11:59:57,",1016,1010,1011,1017,1000,",Verification succeeded,BacanaPlay.bet.br,Registered User,0.0,1,0,2
Regular,18431144,evijos_vo76,3595786.0,2025-01-02 23:22:01,,Verification succeeded,BacanaPlay.bet.br,Registered User,0.0,1,0,2
Regular,18421858,Gaabemv,3592364.0,2025-01-01 16:24:34,,Verification succeeded,BacanaPlay.bet.br,Registered User,0.0,1,0,2
Regular,18422527,Aladdin2202,3592278.0,2025-01-01 18:29:36,,Verification succeeded,BacanaPlay.bet.br,Registered User,0.0,1,0,2
Regular,18426920,22Anderson,3594340.0,2025-01-02 09:24:08,",1292,",Verification succeeded,BacanaPlay.bet.br,Registered User,0.0,1,0,1
Regular,18427120,vastest526,3593986.0,2025-01-02 10:44:15,",1235,",Verification succeeded,BacanaPlay.bet.br,Registered User,0.0,1,0,2
Regular,18428572,gio-kelvin,3596935.0,2025-01-02 16:57:51,,Verification succeeded,BacanaPlay.bet.br,Registered User,0.0,1,0,2
Regular,18429383,Marcelo30fuk,3595078.0,2025-01-02 19:19:00,,Verification succeeded,BacanaPlay.bet.br,Registered User,0.0,1,0,2
Regular,18421759,botpab_pb56,3592775.0,2025-01-01 16:04:58,",1016,1012,1010,1011,1017,",Verification succeeded,BacanaPlay.bet.br,Registered User,0.0,1,0,2
Regular,18429829,Cebola37,3595249.0,2025-01-02 20:21:26,,Verification succeeded,BacanaPlay.bet.br,Registered User,0.0,1,0,2
Regular,18432379,Engegui97,3600317.0,2025-01-03 02:45:52,,Verification succeeded,BacanaPlay.bet.br,Registered User,0.0,1,0,2
Regular,18424126,Sralopes,3592977.0,2025-01-01 22:37:18,,Verification succeeded,BacanaPlay.bet.br,Registered User,0.0,1,0,2
Regular,18436038,wellitonnRV,3597836.0,2025-01-03 18:32:11,,Verification succeeded,BacanaPlay.bet.br,Registered User,0.0,1,0,2
Regular,18425322,cecelly-95,3593438.0,2025-01-02 01:56:24,,Verification succeeded,BacanaPlay.bet.br,Registered User,0.0,1,0,2
Regular,18429605,Indinha007,3595660.0,2025-01-02 19:51:30,",1010,1017,1343,1016,",Verification succeeded,BacanaPlay.bet.br,Registered User,0.0,1,0,2
Regular,18427394,Feradosbra,3594159.0,2025-01-02 12:24:13,,Verification succeeded,BacanaPlay.bet.br,Registered User,0.0,1,0,2
Regular,18422430,JGuidelli,3595332.0,2025-01-01 18:10:52,",1016,1012,1010,1017,",Verification succeeded,BacanaPlay.bet.br,Registered User,0.0,1,0,2
Regular,18422363,BRUNI_KO1979,3592216.0,2025-01-01 17:59:55,,Verification succeeded,BacanaPlay.bet.br,Registered User,0.0,1,0,2
Regular,18420990,Maxmoreno15,3592744.0,2025-01-01 13:09:26,",1343,",Verification succeeded,BacanaPlay.bet.br,Registered User,0.0,1,0,2
Regular,18435238,medham_md92,3597387.0,2025-01-03 15:49:36,",1343,",Verification succeeded,BacanaPlay.bet.br,Registered User,0.0,1,0,2
Regular,18425865,Hermann462,3593634.0,2025-01-02 03:42:15,",1019,",Verification succeeded,BacanaPlay.bet.br,Registered User,0.0,1,0,2
Regular,18429277,Denilson365,3595005.0,2025-01-02 19:02:39,,Verification succeeded,BacanaPlay.bet.br,Registered User,0.0,1,0,2
Regular,18442356,pauana_an08,3600324.0,2025-01-04 15:32:00,",1343,",Verification succeeded,BacanaPlay.bet.br,Registered User,0.0,1,0,2
Regular,18443461,gabtua_gu99,3600853.0,2025-01-04 19:12:15,,Verification succeeded,BacanaPlay.bet.br,Registered User,0.0,1,0,2
Regular,18421847,Beatriz-2,3592794.0,2025-01-01 16:22:21,",1100,",Verification succeeded,BacanaPlay.bet.br,Registered User,0.0,1,0,2
Regular,18443001,angmar_ar10,3600600.0,2025-01-04 17:49:19,",1210,",Verification succeeded,BacanaPlay.bet.br,Registered User,0.0,1,0,2
Regular,18437881,figkar_ar22,3598598.0,2025-01-03 22:58:10,,Verification succeeded,BacanaPlay.bet.br,Registered User,0.0,1,0,2
Regular,18422908,altmar_am26,3592585.0,2025-01-01 19:33:47,,Verification succeeded,BacanaPlay.bet.br,Registered User,0.0,1,0,2
Regular,18420538,eloyneto13,3591780.0,2025-01-01 10:53:59,",1011,1010,1016,1017,1012,",Verification succeeded,BacanaPlay.bet.br,Registered User,0.0,1,0,2
Regular,18426106,Cherrrys,3593700.0,2025-01-02 04:40:02,,Verification succeeded,BacanaPlay.bet.br,Registered User,0.0,1,0,2
Regular,18424050,Aledentinho2,3592923.0,2025-01-01 22:27:57,,Verification succeeded,BacanaPlay.bet.br,Registered User,0.0,1,0,2
Regular,18420563,Js7113,3596351.0,2025-01-01 11:02:19,,Verification succeeded,BacanaPlay.bet.br,Registered User,0.0,1,0,2
Regular,18422326,Dudusousa,3592791.0,2025-01-01 17:53:48,,Verification succeeded,BacanaPlay.bet.br,Registered User,0.0,1,0,2
Regular,18420758,gonfel_ng23,3592855.0,2025-01-01 11:59:44,,Verification succeeded,BacanaPlay.bet.br,Registered User,0.0,1,0,2
Regular,18422783,Jaborandi,3592375.0,2025-01-01 19:14:40,,Verification succeeded,BacanaPlay.bet.br,Registered User,0.0,1,0,2
ReRegister,18431341,kcdkcd_kd23,3595555.0,2025-01-02 23:50:46,",1016,1017,1010,",Verification succeeded,BacanaPlay.bet.br,Registered User,0.0,1,0,2
Regular,18427357,erezuzubr2,3594138.0,2025-01-02 12:13:38,",1019,",Verification rejected,PlayUZU.bet.br,Registered User,0.0,1,0,2
Regular,18426825,vastest524,3593942.0,2025-01-02 08:43:41,,Manually Verified,PlayUZU.bet.br,Registered User,0.0,1,0,2
